publication_title	print_identifier	online_identifier	date_first_issue_online	num_first_vol_online	num_first_issue_online	date_last_issue_online	num_last_vol_online	num_last_issue_online	title_url	first_author	title_id	embargo_info	coverage_depth	notes	publisher_name	publication_type	date_monograph_published_print	date_monograph_published_online	monograph_volume	monograph_edition	first_editor	parent_publication_title_id	preceding_publication_title_id	access_type
911 and the War on Terror	9780748633807	9780748632411							http://universitypublishingonline.org/edinburgh/ebook.jsf?bid=CBO9780748632411	Holloway	CBO9780748632411		fulltext		Edinburgh University Press	Monograph	2008-05-19 00:00:00	2013-08-05 00:00:00	0	1				P
A History of Scottish Philosophy	9780748616275	9780748628643							http://universitypublishingonline.org/edinburgh/ebook.jsf?bid=CBO9780748628643	Broadie	CBO9780748628643		fulltext		Edinburgh University Press	Monograph	2008-12-15 00:00:00	2012-09-12 00:00:00	0	1				P
About Time	9780748624249	9780748630400							http://universitypublishingonline.org/edinburgh/ebook.jsf?bid=CBO9780748630400	Currie	CBO9780748630400		fulltext		Edinburgh University Press	Monograph	2006-10-20 00:00:00	2012-09-12 00:00:00	0	1				P
Academic General Practice in the UK Medical Schools, 1948-2000	9780748643561	9780748643745							http://universitypublishingonline.org/edinburgh/ebook.jsf?bid=CBO9780748643745	Howie/Whitfield	CBO9780748643745		fulltext		Edinburgh University Press	Monograph	2011-05-16 00:00:00	2013-08-05 00:00:00	0	1				P
African Filmmaking	9780748621231	9780748628063							http://universitypublishingonline.org/edinburgh/ebook.jsf?bid=CBO9780748628063	Armes	CBO9780748628063		fulltext		Edinburgh University Press	Monograph	2006-08-01 00:00:00	2014-09-05 00:00:00	0	1				P
Afromodernisms	9780748646401	9780748646418							http://universitypublishingonline.org/edinburgh/ebook.jsf?bid=CBO9780748646418	Sweeney/Marsh	CBO9780748646418		fulltext		Edinburgh University Press	Monograph	2013-02-06 00:00:00	2013-09-05 00:00:00	0	1				P
Agamben and the Politics of Human Rights	9780748645725	9780748677726							http://universitypublishingonline.org/edinburgh/ebook.jsf?bid=CBO9780748677726	Lechte/Newman	CBO9780748677726		fulltext		Edinburgh University Press	Monograph	2013-05-23 00:00:00	2013-09-05 00:00:00	0	1				P
American Documentary Film	9780748621477	9780748629466							http://universitypublishingonline.org/edinburgh/ebook.jsf?bid=CBO9780748629466	Geiger	CBO9780748629466		fulltext		Edinburgh University Press	Monograph	2011-06-29 00:00:00	2013-08-05 00:00:00	0	1				P
American History and Contemporary Hollywood Film	9780748614899	9780748680559							http://universitypublishingonline.org/edinburgh/ebook.jsf?bid=CBO9780748680559	McCrisken/Pepper	CBO9780748680559		fulltext		Edinburgh University Press	Monograph	2005-02-23 00:00:00	2013-08-05 00:00:00	0	1				P
American Independent Cinema	9780748618668	9780748627288							http://universitypublishingonline.org/edinburgh/ebook.jsf?bid=CBO9780748627288	Tzioumakis	CBO9780748627288		fulltext		Edinburgh University Press	Monograph	2006-07-27 00:00:00	2013-08-05 00:00:00	0	1				P
American Modernism's Expatriate Scene	9780748625260	9780748630875							http://universitypublishingonline.org/edinburgh/ebook.jsf?bid=CBO9780748630875	Katz	CBO9780748630875		fulltext		Edinburgh University Press	Monograph	2007-08-01 00:00:00	2012-09-12 00:00:00	0	1				P
American Postfeminist Cinema	9780748693368	9780748693375							http://universitypublishingonline.org/edinburgh/ebook.jsf?bid=CBO9780748693375	Schreiber	CBO9780748693375		fulltext		Edinburgh University Press	Monograph	2014-03-11 00:00:00	2014-09-05 00:00:00	0	1				P
American Thought and Culture in the 21st Century	9780748626014	9780748631322							http://universitypublishingonline.org/edinburgh/ebook.jsf?bid=CBO9780748631322	Halliwell/Morley	CBO9780748631322		fulltext		Edinburgh University Press	Monograph	2008-10-07 00:00:00	2013-08-05 00:00:00	0	1				P
An Alternative Internet	9780748617692	9780748676989							http://universitypublishingonline.org/edinburgh/ebook.jsf?bid=CBO9780748676989	Atton	CBO9780748676989		fulltext		Edinburgh University Press	Monograph	2004-11-19 00:00:00	2013-08-05 00:00:00	0	1				P
An Introduction to Islamic Archaeology	9780748623105	9780748629954							http://universitypublishingonline.org/edinburgh/ebook.jsf?bid=CBO9780748629954	Milwright	CBO9780748629954		fulltext		Edinburgh University Press	Monograph	2010-02-05 00:00:00	2013-08-05 00:00:00	0	1				P
Arab Christians in British Mandate Palestine	9780748676033	9780748676040							http://universitypublishingonline.org/edinburgh/ebook.jsf?bid=CBO9780748676040	Haiduc-Dale	CBO9780748676040		fulltext		Edinburgh University Press	Monograph	2013-03-18 00:00:00	2013-10-05 00:00:00	0	1				P
Arabic Sociolinguistics	9780748623730	9780748630172							http://universitypublishingonline.org/edinburgh/ebook.jsf?bid=CBO9780748630172	Bassiouney	CBO9780748630172		fulltext		Edinburgh University Press	Monograph	2009-08-27 00:00:00	2013-08-05 00:00:00	0	1				P
Arabic in the Fray	9780748637409	9780748680320							http://universitypublishingonline.org/edinburgh/ebook.jsf?bid=CBO9780748680320	Suleiman	CBO9780748680320		fulltext		Edinburgh University Press	Monograph	2013-07-22 00:00:00	2013-10-05 00:00:00	0	1				P
Associationism and the Literary Imagination	9780748609123	9780748628162							http://universitypublishingonline.org/edinburgh/ebook.jsf?bid=CBO9780748628162	Craig	CBO9780748628162		fulltext		Edinburgh University Press	Monograph	2007-06-19 00:00:00	2012-09-12 00:00:00	0	1				P
Atlantic Citizens	9780748669370	9780748669387							http://universitypublishingonline.org/edinburgh/ebook.jsf?bid=CBO9780748669387	Eckel	CBO9780748669387		fulltext		Edinburgh University Press	Monograph	2013-02-18 00:00:00	2013-09-05 00:00:00	0	1				P
Badiou and Cinema	9780748641130	9780748644483							http://universitypublishingonline.org/edinburgh/ebook.jsf?bid=CBO9780748644483	Ling	CBO9780748644483		fulltext		Edinburgh University Press	Monograph	2010-11-26 00:00:00	2012-09-12 00:00:00	0	1				P
Badiou and Plato	9780748643752	9780748643769							http://universitypublishingonline.org/edinburgh/ebook.jsf?bid=CBO9780748643769	Bartlett	CBO9780748643769		fulltext		Edinburgh University Press	Monograph	2011-06-29 00:00:00	2012-09-12 00:00:00	0	1				P
Between Desire and Pleasure	9780748645923	9780748645930							http://universitypublishingonline.org/edinburgh/ebook.jsf?bid=CBO9780748645930	Beckman	CBO9780748645930		fulltext		Edinburgh University Press	Monograph	2013-05-13 00:00:00	2013-10-05 00:00:00	0	1				P
Beyond Dogmatics	9780748627936	9780748631773							http://universitypublishingonline.org/edinburgh/ebook.jsf?bid=CBO9780748631773	Cairns/du Plessis	CBO9780748631773		fulltext		Edinburgh University Press	Monograph	2007-05-25 00:00:00	2012-09-12 00:00:00	0	1				P
Blasted Literature	9780748640676	9780748645459							http://universitypublishingonline.org/edinburgh/ebook.jsf?bid=CBO9780748645459	Ó Donghaile	CBO9780748645459		fulltext		Edinburgh University Press	Monograph	2011-02-24 00:00:00	2012-09-12 00:00:00	0	1				P
Border Politics	9780748637324	9780748640218							http://universitypublishingonline.org/edinburgh/ebook.jsf?bid=CBO9780748640218	Vaughan-Williams	CBO9780748640218		fulltext		Edinburgh University Press	Monograph	2009-05-12 00:00:00	2012-09-12 00:00:00	0	1				P
British Film Directors	9780748622306	9780748629688							http://universitypublishingonline.org/edinburgh/ebook.jsf?bid=CBO9780748629688	Shail	CBO9780748629688		fulltext		Edinburgh University Press	Monograph	2007-10-18 00:00:00	2013-08-05 00:00:00	0	1				P
Chinese Martial Arts Cinema	9780748632855	9780748632510							http://universitypublishingonline.org/edinburgh/ebook.jsf?bid=CBO9780748632510	Teo	CBO9780748632510		fulltext		Edinburgh University Press	Monograph	2009-03-31 00:00:00	2013-08-05 00:00:00	0	1				P
Cinema and Sensation	9780748620425	9780748629176							http://universitypublishingonline.org/edinburgh/ebook.jsf?bid=CBO9780748629176	Beugnet	CBO9780748629176		fulltext		Edinburgh University Press	Monograph	2007-10-18 00:00:00	2013-08-05 00:00:00	0	1				P
Circulating Genius	9780748641482	9780748643660							http://universitypublishingonline.org/edinburgh/ebook.jsf?bid=CBO9780748643660	Kaplan	CBO9780748643660		fulltext		Edinburgh University Press	Monograph	2010-10-05 00:00:00	2012-09-12 00:00:00	0	1				P
Comedy and Cultural Critique in American Film	9780748643073	9780748677801							http://universitypublishingonline.org/edinburgh/ebook.jsf?bid=CBO9780748677801	Bishop	CBO9780748677801		fulltext		Edinburgh University Press	Monograph	2013-04-22 00:00:00	2013-10-05 00:00:00	0	1				P
Coming of Age in Contemporary American Fiction	9780748621736	9780748629541							http://universitypublishingonline.org/edinburgh/ebook.jsf?bid=CBO9780748629541	Millard	CBO9780748629541		fulltext		Edinburgh University Press	Monograph	2007-04-18 00:00:00	2012-09-12 00:00:00	0	1				P
Computing and Language Variation	9780748640300	9780748641642							http://universitypublishingonline.org/edinburgh/ebook.jsf?bid=CBO9780748641642	Nerbonne et al	CBO9780748641642		fulltext		Edinburgh University Press	Monograph	2009-12-04 00:00:00	2012-09-12 00:00:00	0	1				P
Conditions of Thought	9780748676255	9780748676262							http://universitypublishingonline.org/edinburgh/ebook.jsf?bid=CBO9780748676262	Voss	CBO9780748676262		fulltext		Edinburgh University Press	Monograph	2013-05-20 00:00:00	2013-10-05 00:00:00	0	1				P
Constitutional Violence	9780748669547	9780748669554							http://universitypublishingonline.org/edinburgh/ebook.jsf?bid=CBO9780748669554	Ninet	CBO9780748669554		fulltext		Edinburgh University Press	Monograph	2012-12-12 00:00:00	2013-08-05 00:00:00	0	1				P
Contemporary Action Cinema	9780748638178	9780748646128							http://universitypublishingonline.org/edinburgh/ebook.jsf?bid=CBO9780748646128	Purse	CBO9780748646128		fulltext		Edinburgh University Press	Monograph	2011-04-25 00:00:00	2013-08-05 00:00:00	0	1				P
Contemporary Arab Broadcast Media	9780748639090	9780748646999							http://universitypublishingonline.org/edinburgh/ebook.jsf?bid=CBO9780748646999	Lahlali	CBO9780748646999		fulltext		Edinburgh University Press	Monograph	2011-06-06 00:00:00	2013-08-05 00:00:00	0	1				P
Contemporary Ijtihad	9780748641284	9780748646029							http://universitypublishingonline.org/edinburgh/ebook.jsf?bid=CBO9780748646029	Khan/Ramadan	CBO9780748646029		fulltext		Edinburgh University Press	Monograph	2011-04-30 00:00:00	2012-09-12 00:00:00	0	1				P
Cosmetics in Shakespearean and Renaissance Drama	9780748619931	9780748627127							http://universitypublishingonline.org/edinburgh/ebook.jsf?bid=CBO9780748627127	Karim-Cooper	CBO9780748627127		fulltext		Edinburgh University Press	Monograph	2006-07-06 00:00:00	2012-09-12 00:00:00	0	1				P
Courts and Elites in the Hellenistic Empires	9780748691265	9780748691272							http://universitypublishingonline.org/edinburgh/ebook.jsf?bid=CBO9780748691272	Strootman	CBO9780748691272		fulltext		Edinburgh University Press	Monograph	2014-04-08 00:00:00	2014-09-05 00:00:00	0	1				P
Creating Worldviews	9780748643158	9780748647002							http://universitypublishingonline.org/edinburgh/ebook.jsf?bid=CBO9780748647002	Underhill	CBO9780748647002		fulltext		Edinburgh University Press	Monograph	2011-06-08 00:00:00	2012-09-12 00:00:00	0	1				P
Critique of Security	9780748633289	9780748632329							http://universitypublishingonline.org/edinburgh/ebook.jsf?bid=CBO9780748632329	Neocleous	CBO9780748632329		fulltext		Edinburgh University Press	Monograph	2008-05-12 00:00:00	2012-09-12 00:00:00	0	1				P
Cultural Authority in the Age of Whitman	9780748635740	9780748635757							http://universitypublishingonline.org/edinburgh/ebook.jsf?bid=CBO9780748635757	Leypoldt	CBO9780748635757		fulltext		Edinburgh University Press	Monograph	2009-09-16 00:00:00	2012-09-12 00:00:00	0	1				P
Darwin's Bards	9780748639403	9780748640904							http://universitypublishingonline.org/edinburgh/ebook.jsf?bid=CBO9780748640904	Holmes	CBO9780748640904		fulltext		Edinburgh University Press	Monograph	2009-09-07 00:00:00	2012-09-12 00:00:00	0	1				P
Death 'Deathlessness' and Existenz in Karl Jaspers' Philosophy	9780748625352	9780748630912							http://universitypublishingonline.org/edinburgh/ebook.jsf?bid=CBO9780748630912	Peach	CBO9780748630912		fulltext		Edinburgh University Press	Monograph	2008-01-23 00:00:00	2012-09-12 00:00:00	0	1				P
Death and Desire in Hegel Heidegger and Deleuze	9780748627967	9780748631803							http://universitypublishingonline.org/edinburgh/ebook.jsf?bid=CBO9780748631803	Adkins	CBO9780748631803		fulltext		Edinburgh University Press	Monograph	2007-11-22 00:00:00	2012-09-12 00:00:00	0	1				P
Death and the Moving Image	9780748624430	9780748630479							http://universitypublishingonline.org/edinburgh/ebook.jsf?bid=CBO9780748630479	Aaron	CBO9780748630479		fulltext		Edinburgh University Press	Monograph	2014-01-28 00:00:00	2014-09-05 00:00:00	0	1				P
Death-Drive	9780748640393	9780748641710							http://universitypublishingonline.org/edinburgh/ebook.jsf?bid=CBO9780748641710	Rowland Smith	CBO9780748641710		fulltext		Edinburgh University Press	Monograph	2010-04-30 00:00:00	2012-09-12 00:00:00	0	1				P
Defining Greek Narrative	9780748680108	9780748680115							http://universitypublishingonline.org/edinburgh/ebook.jsf?bid=CBO9780748680115	Cairns/Scodel	CBO9780748680115		fulltext		Edinburgh University Press	Monograph	2014-03-24 00:00:00	2014-09-05 00:00:00	0	1				P
Deleuze and Contemporary Art	9780748638376	9780748642403							http://universitypublishingonline.org/edinburgh/ebook.jsf?bid=CBO9780748642403	Zepke/O'Sullivan	CBO9780748642403		fulltext		Edinburgh University Press	Monograph	2010-05-27 00:00:00	2012-09-12 00:00:00	0	1				P
Deleuze and Ethics	9780748641178	9780748646296							http://universitypublishingonline.org/edinburgh/ebook.jsf?bid=CBO9780748646296	Jun/Smith	CBO9780748646296		fulltext		Edinburgh University Press	Monograph	2011-05-09 00:00:00	2012-09-12 00:00:00	0	1				P
Deleuze and History	9780748636082	9780748636105							http://universitypublishingonline.org/edinburgh/ebook.jsf?bid=CBO9780748636105	Bell/Colebrook	CBO9780748636105		fulltext		Edinburgh University Press	Monograph	2009-03-12 00:00:00	2012-09-12 00:00:00	0	1				P
Deleuze and Marx	9780748638932	9780748642175							http://universitypublishingonline.org/edinburgh/ebook.jsf?bid=CBO9780748642175	Jain	CBO9780748642175		fulltext		Edinburgh University Press	Monograph	2010-02-04 00:00:00	2012-09-12 00:00:00	3	1				P
Deleuze and Memorial Culture	9780748627547	9780748631582							http://universitypublishingonline.org/edinburgh/ebook.jsf?bid=CBO9780748631582	Parr	CBO9780748631582		fulltext		Edinburgh University Press	Monograph	2008-03-11 00:00:00	2012-09-12 00:00:00	0	1				P
Deleuze and Performance	9780748635030	9780748635054							http://universitypublishingonline.org/edinburgh/ebook.jsf?bid=CBO9780748635054	Cull	CBO9780748635054		fulltext		Edinburgh University Press	Monograph	2009-05-21 00:00:00	2012-09-12 00:00:00	0	1				P
Deleuze and Philosophy	9780748624799	9780748627196							http://universitypublishingonline.org/edinburgh/ebook.jsf?bid=CBO9780748627196	Boundas	CBO9780748627196		fulltext		Edinburgh University Press	Monograph	2006-07-18 00:00:00	2012-09-12 00:00:00	0	1				P
Deleuze and Politics	9780748632879	9780748631964							http://universitypublishingonline.org/edinburgh/ebook.jsf?bid=CBO9780748631964	Buchanan/Thoburn	CBO9780748631964		fulltext		Edinburgh University Press	Monograph	2008-05-20 00:00:00	2012-09-12 00:00:00	0	1				P
Deleuze and Queer Theory	9780748634057	9780748634064							http://universitypublishingonline.org/edinburgh/ebook.jsf?bid=CBO9780748634064	Nigianni/Storr	CBO9780748634064		fulltext		Edinburgh University Press	Monograph	2009-01-30 00:00:00	2012-09-12 00:00:00	0	1				P
Deleuze and Sex	9780748642618	9780748647514							http://universitypublishingonline.org/edinburgh/ebook.jsf?bid=CBO9780748647514	Beckman	CBO9780748647514		fulltext		Edinburgh University Press	Monograph	2011-07-07 00:00:00	2012-09-12 00:00:00	0	1				P
Deleuze and the Body	9780748638642	9780748645978							http://universitypublishingonline.org/edinburgh/ebook.jsf?bid=CBO9780748645978	Guillaume/Hughes	CBO9780748645978		fulltext		Edinburgh University Press	Monograph	2011-03-22 00:00:00	2012-09-12 00:00:00	0	1				P
Deleuze and the Contemporary World	9780748623419	9780748627172							http://universitypublishingonline.org/edinburgh/ebook.jsf?bid=CBO9780748627172	Buchanan/Parr	CBO9780748627172		fulltext		Edinburgh University Press	Monograph	2006-07-03 00:00:00	2012-09-12 00:00:00	0	1				P
Deleuze and the Postcolonial	9780748636990	9780748637010							http://universitypublishingonline.org/edinburgh/ebook.jsf?bid=CBO9780748637010	Bignall/Patton	CBO9780748637010		fulltext		Edinburgh University Press	Monograph	2010-04-15 00:00:00	2012-09-12 00:00:00	0	1				P
Deleuze and the Social	9780748620920	9780748627080							http://universitypublishingonline.org/edinburgh/ebook.jsf?bid=CBO9780748627080	Fuglsang/Sorensen	CBO9780748627080		fulltext		Edinburgh University Press	Monograph	2006-06-21 00:00:00	2012-09-12 00:00:00	0	1				P
Deleuze's Hume	9780748634392	9780748634408							http://universitypublishingonline.org/edinburgh/ebook.jsf?bid=CBO9780748634408	Bell	CBO9780748634408		fulltext		Edinburgh University Press	Monograph	2008-12-16 00:00:00	2012-09-12 00:00:00	0	1				P
Deleuze's Philosophical Lineage	9780748632992	9780748631957							http://universitypublishingonline.org/edinburgh/ebook.jsf?bid=CBO9780748631957	Jones/Roffe	CBO9780748631957		fulltext		Edinburgh University Press	Monograph	2009-03-31 00:00:00	2012-09-12 00:00:00	0	1				P
Deleuzian Fabulation and the Scars of History	9780748641314	9780748641758							http://universitypublishingonline.org/edinburgh/ebook.jsf?bid=CBO9780748641758	Bogue	CBO9780748641758		fulltext		Edinburgh University Press	Monograph	2010-07-05 00:00:00	2012-09-12 00:00:00	0	1				P
Deliberative Democracy and Divided Societies	9780748621446	9780748627035							http://universitypublishingonline.org/edinburgh/ebook.jsf?bid=CBO9780748627035	O'Flynn	CBO9780748627035		fulltext		Edinburgh University Press	Monograph	2006-06-30 00:00:00	2012-09-12 00:00:00	0	1				P
Democracy Law and the Modernist Avant-Gardes	9780748639250	9780748641765							http://universitypublishingonline.org/edinburgh/ebook.jsf?bid=CBO9780748641765	Bru	CBO9780748641765		fulltext		Edinburgh University Press	Monograph	2009-10-20 00:00:00	2012-09-12 00:00:00	0	1				P
Democratic Piety	9780748633654	9780748633661							http://universitypublishingonline.org/edinburgh/ebook.jsf?bid=CBO9780748633661	Little	CBO9780748633661		fulltext		Edinburgh University Press	Monograph	2008-03-25 00:00:00	2012-09-12 00:00:00	0	1				P
Derrida and Hospitality	9780748640270	9780748644506							http://universitypublishingonline.org/edinburgh/ebook.jsf?bid=CBO9780748644506	Still	CBO9780748644506		fulltext		Edinburgh University Press	Monograph	2010-11-26 00:00:00	2012-09-12 00:00:00	0	1				P
Derrida and Lacan	9780748636037	9780748636044							http://universitypublishingonline.org/edinburgh/ebook.jsf?bid=CBO9780748636044	Lewis	CBO9780748636044		fulltext		Edinburgh University Press	Monograph	2008-11-03 00:00:00	2012-09-12 00:00:00	0	1				P
Development Models in Muslim Contexts	9780748639687	9780748641772							http://universitypublishingonline.org/edinburgh/ebook.jsf?bid=CBO9780748641772	Springborg	CBO9780748641772		fulltext		Edinburgh University Press	Monograph	2009-09-30 00:00:00	2015-02-05 00:00:00	0	1				P
Difficult Atheism	9780748640577	9780748646302							http://universitypublishingonline.org/edinburgh/ebook.jsf?bid=CBO9780748646302	Watkin	CBO9780748646302		fulltext		Edinburgh University Press	Monograph	2011-05-16 00:00:00	2012-09-12 00:00:00	0	1				P
Discourse and Identity	9780748617494	9780748626533							http://universitypublishingonline.org/edinburgh/ebook.jsf?bid=CBO9780748626533	Benwell/Stokoe	CBO9780748626533		fulltext		Edinburgh University Press	Monograph	2006-03-15 00:00:00	2013-08-05 00:00:00	0	1				P
Djuna Barnes and Affective Modernism	9780748646753	9780748646760							http://universitypublishingonline.org/edinburgh/ebook.jsf?bid=CBO9780748646760	Taylor	CBO9780748646760		fulltext		Edinburgh University Press	Monograph	2012-02-28 00:00:00	2012-09-12 00:00:00	0	1				P
Eleftherios Venizelos	9780748624782	9780748627004							http://universitypublishingonline.org/edinburgh/ebook.jsf?bid=CBO9780748627004	Kitromilides	CBO9780748627004		fulltext		Edinburgh University Press	Monograph	2006-06-26 00:00:00	2013-08-05 00:00:00	0	1				P
Elizabeth Bishop	9780748665747	9780748665754							http://universitypublishingonline.org/edinburgh/ebook.jsf?bid=CBO9780748665754	Anderson	CBO9780748665754		fulltext		Edinburgh University Press	Monograph	2013-08-20 00:00:00	2014-02-05 00:00:00	0	1				P
Englishness	9780748623655	9780748632541							http://universitypublishingonline.org/edinburgh/ebook.jsf?bid=CBO9780748632541	Featherstone	CBO9780748632541		fulltext		Edinburgh University Press	Monograph	2008-12-16 00:00:00	2012-09-12 00:00:00	0	1				P
Ethical Subjects in Contemporary Culture	9780748640096	9780748681662							http://universitypublishingonline.org/edinburgh/ebook.jsf?bid=CBO9780748681662	Boothroyd	CBO9780748681662		fulltext		Edinburgh University Press	Monograph	2013-06-14 00:00:00	2013-10-05 00:00:00	0	1				P
Ethics and Politics after Poststructuralism	9780748685134	9780748685141							http://universitypublishingonline.org/edinburgh/ebook.jsf?bid=CBO9780748685141	Fagan	CBO9780748685141		fulltext		Edinburgh University Press	Monograph	2013-09-16 00:00:00	2014-02-05 00:00:00	0	1				P
Ethnicity and Cultural Authority	9780748622054	9780748626274							http://universitypublishingonline.org/edinburgh/ebook.jsf?bid=CBO9780748626274	Williams	CBO9780748626274		fulltext		Edinburgh University Press	Monograph	2005-12-08 00:00:00	2012-09-12 00:00:00	0	1				P
European Contract Law	9780748624256	9780748626489							http://universitypublishingonline.org/edinburgh/ebook.jsf?bid=CBO9780748626489	MacQueen/Zimmermann	CBO9780748626489		fulltext		Edinburgh University Press	Monograph	2006-02-15 00:00:00	2013-07-05 00:00:00	0	1				P
Evil in Contemporary Political Theory	9780748641963	9780748654123							http://universitypublishingonline.org/edinburgh/ebook.jsf?bid=CBO9780748654123	Haddock/Roberts/Sutch	CBO9780748654123		fulltext		Edinburgh University Press	Monograph	2011-10-12 00:00:00	2012-09-12 00:00:00	0	1				P
Exploring Arab Folk Literature	9780748640867	9780748654055							http://universitypublishingonline.org/edinburgh/ebook.jsf?bid=CBO9780748654055	Cachia	CBO9780748654055		fulltext		Edinburgh University Press	Monograph	2011-09-30 00:00:00	2015-02-05 00:00:00	0	1				P
Exploring the Law of Succession	9780748632909	9780748632596							http://universitypublishingonline.org/edinburgh/ebook.jsf?bid=CBO9780748632596	Reid/de Waal/Zimmermann	CBO9780748632596		fulltext		Edinburgh University Press	Monograph	2007-10-26 00:00:00	2012-09-12 00:00:00	0	1				P
Far from Heaven	9780748637782	9780748647026							http://universitypublishingonline.org/edinburgh/ebook.jsf?bid=CBO9780748647026	Davis	CBO9780748647026		fulltext		Edinburgh University Press	Monograph	2011-06-13 00:00:00	2013-08-05 00:00:00	0	1				P
Far-Flung Families in Film	9780748642908	9780748677856							http://universitypublishingonline.org/edinburgh/ebook.jsf?bid=CBO9780748677856	Berghahn	CBO9780748677856		fulltext		Edinburgh University Press	Monograph	2013-05-14 00:00:00	2013-09-05 00:00:00	0	1				P
Figurations of Exile in Hitchcock and Nabokov	9780748636464	9780748636471							http://universitypublishingonline.org/edinburgh/ebook.jsf?bid=CBO9780748636471	Straumann	CBO9780748636471		fulltext		Edinburgh University Press	Monograph	2008-12-16 00:00:00	2012-09-12 00:00:00	0	1				P
Film Histories	9780748619061	9780748628940							http://universitypublishingonline.org/edinburgh/ebook.jsf?bid=CBO9780748628940	Petley/Jancovich/Monteith	CBO9780748628940		fulltext		Edinburgh University Press	Monograph	2007-01-11 00:00:00	2013-08-05 00:00:00	0	1				P
Film Sequels	9780748626038	9780748631339							http://universitypublishingonline.org/edinburgh/ebook.jsf?bid=CBO9780748631339	Jess-Cooke	CBO9780748631339		fulltext		Edinburgh University Press	Monograph	2009-02-02 00:00:00	2013-08-05 00:00:00	0	1				P
Film and Video Censorship in Modern Britain	9780748625383	9780748630936							http://universitypublishingonline.org/edinburgh/ebook.jsf?bid=CBO9780748630936	Petley	CBO9780748630936		fulltext		Edinburgh University Press	Monograph	2011-05-17 00:00:00	2013-08-05 00:00:00	0	1				P
Foucault's Archaeology	9780748624218	9780748630387							http://universitypublishingonline.org/edinburgh/ebook.jsf?bid=CBO9780748630387	Webb	CBO9780748630387		fulltext		Edinburgh University Press	Monograph	2012-11-28 00:00:00	2013-08-05 00:00:00	0	1				P
Framing Pictures	9780748640171	9780748647033							http://universitypublishingonline.org/edinburgh/ebook.jsf?bid=CBO9780748647033	Jacobs	CBO9780748647033		fulltext		Edinburgh University Press	Monograph	2011-06-13 00:00:00	2013-08-05 00:00:00	0	1				P
Friendship's Shadows	9780748655823	9780748655830							http://universitypublishingonline.org/edinburgh/ebook.jsf?bid=CBO9780748655830	Anderson	CBO9780748655830		fulltext		Edinburgh University Press	Monograph	2012-08-06 00:00:00	2013-08-05 00:00:00	0	1				P
Fundamental Concepts in Phonology	9780748625659	9780748631100							http://universitypublishingonline.org/edinburgh/ebook.jsf?bid=CBO9780748631100	Lodge	CBO9780748631100		fulltext		Edinburgh University Press	Monograph	2009-06-01 00:00:00	2013-08-05 00:00:00	0	1				P
Gandhi's Interpreter	9780748640454	9780748641857							http://universitypublishingonline.org/edinburgh/ebook.jsf?bid=CBO9780748641857	Carnall/Gregory	CBO9780748641857		fulltext		Edinburgh University Press	Monograph	2010-05-07 00:00:00	2012-09-12 00:00:00	0	1				P
Gender and Enlightenment Culture in Eighteenth-Century Scotland	9780748646425	9780748646432							http://universitypublishingonline.org/edinburgh/ebook.jsf?bid=CBO9780748646432	Carr	CBO9780748646432		fulltext		Edinburgh University Press	Monograph	2014-01-28 00:00:00	2014-09-05 00:00:00	0	1				P
Genealogy and Knowledge in Muslim Societies	9780748644971	9780748644988							http://universitypublishingonline.org/edinburgh/ebook.jsf?bid=CBO9780748644988	Savant/de Felipe	CBO9780748644988		fulltext		Edinburgh University Press	Monograph	2014-04-08 00:00:00	2014-09-05 00:00:00	0	1				P
George Mackay Brown and the Philosophy of Community	9780748638123	9780748640935							http://universitypublishingonline.org/edinburgh/ebook.jsf?bid=CBO9780748640935	Baker	CBO9780748640935		fulltext		Edinburgh University Press	Monograph	2009-06-23 00:00:00	2012-09-12 00:00:00	0	1				P
Gilbert Simondon	9780748645251	9780748645268							http://universitypublishingonline.org/edinburgh/ebook.jsf?bid=CBO9780748645268	De Boever/Murray/Roffe	CBO9780748645268		fulltext		Edinburgh University Press	Monograph	2012-01-13 00:00:00	2012-09-12 00:00:00	0	1				P
Gillian Rose	9780748639847	9780748655588							http://universitypublishingonline.org/edinburgh/ebook.jsf?bid=CBO9780748655588	Schick	CBO9780748655588		fulltext		Edinburgh University Press	Monograph	2012-08-06 00:00:00	2013-08-05 00:00:00	0	1				P
Global Environmental History	9780748621583	9780748629510							http://universitypublishingonline.org/edinburgh/ebook.jsf?bid=CBO9780748629510	Simmons	CBO9780748629510		fulltext		Edinburgh University Press	Monograph	2008-03-05 00:00:00	2013-08-05 00:00:00	0	1				P
Grounding Cosmopolitanism	9780748638819	9780748640928							http://universitypublishingonline.org/edinburgh/ebook.jsf?bid=CBO9780748640928	Brown	CBO9780748640928		fulltext		Edinburgh University Press	Monograph	2009-09-14 00:00:00	2012-09-12 00:00:00	0	1				P
Hannah Arendt and Political Theory	9780748639021	9780748646326							http://universitypublishingonline.org/edinburgh/ebook.jsf?bid=CBO9780748646326	Buckler	CBO9780748646326		fulltext		Edinburgh University Press	Monograph	2011-05-16 00:00:00	2012-09-12 00:00:00	0	1				P
Happy Endings in Hollywood Cinema	9780748680177	9780748680184							http://universitypublishingonline.org/edinburgh/ebook.jsf?bid=CBO9780748680184	MacDowell	CBO9780748680184		fulltext		Edinburgh University Press	Monograph	2013-07-22 00:00:00	2013-10-05 00:00:00	0	1				P
Haptic Modernism	9780748641741	9780748682539							http://universitypublishingonline.org/edinburgh/ebook.jsf?bid=CBO9780748682539	Garrington	CBO9780748682539		fulltext		Edinburgh University Press	Monograph	2013-05-20 00:00:00	2013-09-05 00:00:00	0	1				P
Healing the Nation	9780748665785	9780748665792							http://universitypublishingonline.org/edinburgh/ebook.jsf?bid=CBO9780748665792	Yanikdag	CBO9780748665792		fulltext		Edinburgh University Press	Monograph	2013-04-23 00:00:00	2013-10-05 00:00:00	0	1				P
Health Inequalities and Global Justice	9780748646920	9780748646937							http://universitypublishingonline.org/edinburgh/ebook.jsf?bid=CBO9780748646937	Lenard/Straehle	CBO9780748646937		fulltext		Edinburgh University Press	Monograph	2012-08-06 00:00:00	2013-08-05 00:00:00	0	1				P
Hegel's Political Philosophy	9780748625741	9780748631179							http://universitypublishingonline.org/edinburgh/ebook.jsf?bid=CBO9780748631179	Brooks	CBO9780748631179		fulltext		Edinburgh University Press	Monograph	2009-08-31 00:00:00	2012-09-12 00:00:00	0	1				P
Hell in Contemporary Literature	9780748617630	9780748634446							http://universitypublishingonline.org/edinburgh/ebook.jsf?bid=CBO9780748634446	Falconer	CBO9780748634446		fulltext		Edinburgh University Press	Monograph	2004-10-26 00:00:00	2012-09-12 00:00:00	0	1				P
Hellenistic Egypt	9780748615780	9780748628575							http://universitypublishingonline.org/edinburgh/ebook.jsf?bid=CBO9780748628575	Bingen/Bagnall	CBO9780748628575		fulltext		Edinburgh University Press	Monograph	2007-03-06 00:00:00	2013-08-05 00:00:00	0	1				P
Henry James Oscar Wilde and Aesthetic Culture	9780748623853	9780748630219							http://universitypublishingonline.org/edinburgh/ebook.jsf?bid=CBO9780748630219	Mendelssohn	CBO9780748630219		fulltext		Edinburgh University Press	Monograph	2007-06-20 00:00:00	2012-09-12 00:00:00	0	1				P
Henry Miller and How he Got That Way	9780748641185	9780748645466							http://universitypublishingonline.org/edinburgh/ebook.jsf?bid=CBO9780748645466	Masuga	CBO9780748645466		fulltext		Edinburgh University Press	Monograph	2011-02-23 00:00:00	2012-09-12 00:00:00	0	1				P
Hollywood's Cold War	9780748625239	9780748630738							http://universitypublishingonline.org/edinburgh/ebook.jsf?bid=CBO9780748630738	Shaw	CBO9780748630738		fulltext		Edinburgh University Press	Monograph	2007-09-19 00:00:00	2013-08-05 00:00:00	0	1				P
Hong Kong Documentary Film	9780748664696	9780748664702							http://universitypublishingonline.org/edinburgh/ebook.jsf?bid=CBO9780748664702	Aitken/Ingham	CBO9780748664702		fulltext		Edinburgh University Press	Monograph	2014-03-17 00:00:00	2014-09-05 00:00:00	0	1				P
Hong Kong English	9780748635955	9780748635979							http://universitypublishingonline.org/edinburgh/ebook.jsf?bid=CBO9780748635979	Setter/Wong/Chan	CBO9780748635979		fulltext		Edinburgh University Press	Monograph	2010-08-31 00:00:00	2012-09-12 00:00:00	0	1				P
Hugh MacDiarmid's Poetry and Politics of Place	9780748623341	9780748630059							http://universitypublishingonline.org/edinburgh/ebook.jsf?bid=CBO9780748630059	Lyall	CBO9780748630059		fulltext		Edinburgh University Press	Monograph	2006-08-28 00:00:00	2012-09-12 00:00:00	0	1				P
Human Rights from Community	9780748654673	9780748654680							http://universitypublishingonline.org/edinburgh/ebook.jsf?bid=CBO9780748654680	Onazi	CBO9780748654680		fulltext		Edinburgh University Press	Monograph	2013-06-15 00:00:00	2013-10-05 00:00:00	0	1				P
Humboldt Worldview and Language	9780748638420	9780748640225							http://universitypublishingonline.org/edinburgh/ebook.jsf?bid=CBO9780748640225	Underhill	CBO9780748640225		fulltext		Edinburgh University Press	Monograph	2009-05-23 00:00:00	2012-09-12 00:00:00	0	1				P
Ibn Khaldun	9780748639342	9780748642267							http://universitypublishingonline.org/edinburgh/ebook.jsf?bid=CBO9780748642267	Fromherz	CBO9780748642267		fulltext		Edinburgh University Press	Monograph	2010-03-23 00:00:00	2012-09-12 00:00:00	0	1				P
Iconoclastic Theology	9780748684137	9780748684144							http://universitypublishingonline.org/edinburgh/ebook.jsf?bid=CBO9780748684144	Shults	CBO9780748684144		fulltext		Edinburgh University Press	Monograph	2014-03-17 00:00:00	2014-09-05 00:00:00	0	1				P
Ideology, Rhetoric, Aesthetics	9780748681266	9780748681273							http://universitypublishingonline.org/edinburgh/ebook.jsf?bid=CBO9780748681273	Warminski	CBO9780748681273		fulltext		Edinburgh University Press	Monograph	2013-06-07 00:00:00	2013-10-05 00:00:00	0	1				P
Imagining the Cape Colony	9780748643080	9780748650873							http://universitypublishingonline.org/edinburgh/ebook.jsf?bid=CBO9780748650873	Johnson	CBO9780748650873		fulltext		Edinburgh University Press	Monograph	2011-12-07 00:00:00	2012-09-12 00:00:00	0	1				P
Immanence	9780748638307	9780748638314							http://universitypublishingonline.org/edinburgh/ebook.jsf?bid=CBO9780748638314	Beistegui	CBO9780748638314		fulltext		Edinburgh University Press	Monograph	2010-06-26 00:00:00	2012-09-12 00:00:00	0	1				P
Immanence and the Vertigo of Philosophy	9780748635900	9780748642472							http://universitypublishingonline.org/edinburgh/ebook.jsf?bid=CBO9780748642472	Kerslake	CBO9780748642472		fulltext		Edinburgh University Press	Monograph	2009-09-18 00:00:00	2012-09-12 00:00:00	0	1				P
Immigration Justice	9780748670260	9780748670277							http://universitypublishingonline.org/edinburgh/ebook.jsf?bid=CBO9780748670277	Higgins	CBO9780748670277		fulltext		Edinburgh University Press	Monograph	2013-08-23 00:00:00	2014-02-05 00:00:00	0	1				P
In Lady Audley's Shadow	9780748641154	9780748643677							http://universitypublishingonline.org/edinburgh/ebook.jsf?bid=CBO9780748643677	Tomaiuolo	CBO9780748643677		fulltext		Edinburgh University Press	Monograph	2010-10-05 00:00:00	2012-09-12 00:00:00	0	1				P
Indian English	9780748625949	9780748631254							http://universitypublishingonline.org/edinburgh/ebook.jsf?bid=CBO9780748631254	Pingali	CBO9780748631254		fulltext		Edinburgh University Press	Monograph	2009-02-02 00:00:00	2013-08-05 00:00:00	0	1				P
Inside the IRA	9780748641123	9780748646043							http://universitypublishingonline.org/edinburgh/ebook.jsf?bid=CBO9780748646043	Sanders	CBO9780748646043		fulltext		Edinburgh University Press	Monograph	2011-04-25 00:00:00	2012-09-12 00:00:00	0	1				P
Institutions in Global Distributive Justice	9780748644711	9780748644728							http://universitypublishingonline.org/edinburgh/ebook.jsf?bid=CBO9780748644728	Miklos	CBO9780748644728		fulltext		Edinburgh University Press	Monograph	2013-02-20 00:00:00	2013-10-05 00:00:00	0	1				P
Intelligence Studies in Britain and the US	9780748646272	9780748677566							http://universitypublishingonline.org/edinburgh/ebook.jsf?bid=CBO9780748677566	Moran/Murphy	CBO9780748677566		fulltext		Edinburgh University Press	Monograph	2013-03-18 00:00:00	2013-10-05 00:00:00	0	1				P
Intermittency	9780748637577	9780748637584							http://universitypublishingonline.org/edinburgh/ebook.jsf?bid=CBO9780748637584	Gibson	CBO9780748637584		fulltext		Edinburgh University Press	Monograph	2011-12-07 00:00:00	2012-09-12 00:00:00	0	1				P
Inventions of the Skin	9780748670499	9780748670505							http://universitypublishingonline.org/edinburgh/ebook.jsf?bid=CBO9780748670505	Stevens	CBO9780748670505		fulltext		Edinburgh University Press	Monograph	2013-06-11 00:00:00	2013-10-05 00:00:00	0	1				P
Irish English, volume 1 - Northern Ireland	9780748634286	9780748634309							http://universitypublishingonline.org/edinburgh/ebook.jsf?bid=CBO9780748634309	Corrigan	CBO9780748634309		fulltext		Edinburgh University Press	Monograph	2010-01-15 00:00:00	2012-09-12 00:00:00	1	1				P
Islam	9780748639670	9780748642076							http://universitypublishingonline.org/edinburgh/ebook.jsf?bid=CBO9780748642076	Charfi/Filali-Ansary/Karmali Ahmed	CBO9780748642076		fulltext		Edinburgh University Press	Monograph	2009-09-30 00:00:00	2012-09-12 00:00:00	0	1				P
Islam, Christianity and Tradition	9780748623914	9780748630257							http://universitypublishingonline.org/edinburgh/ebook.jsf?bid=CBO9780748630257	Netton	CBO9780748630257		fulltext		Edinburgh University Press	Monograph	2006-12-22 00:00:00	2012-09-12 00:00:00	0	1				P
Islam, Christianity and the Mystic Journey	9780748640829	9780748646050							http://universitypublishingonline.org/edinburgh/ebook.jsf?bid=CBO9780748646050	Netton	CBO9780748646050		fulltext		Edinburgh University Press	Monograph	2011-04-30 00:00:00	2015-02-05 00:00:00	0	1				P
Islamic Conversion and Christian Resistance on the Early Modern Stage	9780748640843	9780748643202							http://universitypublishingonline.org/edinburgh/ebook.jsf?bid=CBO9780748643202	Degenhardt	CBO9780748643202		fulltext		Edinburgh University Press	Monograph	2010-08-19 00:00:00	2012-09-12 00:00:00	0	1				P
Islamic Finance in the Global Economy	9780748627769	9780748631674							http://universitypublishingonline.org/edinburgh/ebook.jsf?bid=CBO9780748631674	Warde	CBO9780748631674		fulltext		Edinburgh University Press	Monograph	2010-05-15 00:00:00	2012-09-12 00:00:00	0	1				P
Jane Morris	9780748641277	9780748681921							http://universitypublishingonline.org/edinburgh/ebook.jsf?bid=CBO9780748681921	Parkins	CBO9780748681921		fulltext		Edinburgh University Press	Monograph	2013-04-15 00:00:00	2013-10-05 00:00:00	0	1				P
Jawanmardi	9780748641826	9780748645992							http://universitypublishingonline.org/edinburgh/ebook.jsf?bid=CBO9780748645992	Ridgeon	CBO9780748645992		fulltext		Edinburgh University Press	Monograph	2011-03-23 00:00:00	2012-09-12 00:00:00	0	1				P
John Keats and the Ideas of the Enlightenment	9780748637805	9780748637812							http://universitypublishingonline.org/edinburgh/ebook.jsf?bid=CBO9780748637812	Fermanis	CBO9780748637812		fulltext		Edinburgh University Press	Monograph	2009-09-23 00:00:00	2012-09-12 00:00:00	0	1				P
Journalists in Film	9780748634460	9780748634484							http://universitypublishingonline.org/edinburgh/ebook.jsf?bid=CBO9780748634484	McNair	CBO9780748634484		fulltext		Edinburgh University Press	Monograph	2009-12-14 00:00:00	2013-08-05 00:00:00	0	1				P
Julia Kristeva and Feminist Thought	9780748640898	9780748646067							http://universitypublishingonline.org/edinburgh/ebook.jsf?bid=CBO9780748646067	Schippers	CBO9780748646067		fulltext		Edinburgh University Press	Monograph	2011-04-15 00:00:00	2012-09-12 00:00:00	0	1				P
Julius Caesar	9780748619368	9780748629008							http://universitypublishingonline.org/edinburgh/ebook.jsf?bid=CBO9780748629008	Canfora	CBO9780748629008		fulltext		Edinburgh University Press	Monograph	2007-02-05 00:00:00	2013-08-05 00:00:00	0	1				P
Kant's Aesthetic Epistemology	9780748621224	9780748629381							http://universitypublishingonline.org/edinburgh/ebook.jsf?bid=CBO9780748629381	Hughes	CBO9780748629381		fulltext		Edinburgh University Press	Monograph	2007-05-25 00:00:00	2012-09-12 00:00:00	0	1				P
Katherine Mansfield and the (Post)colonial	9780748669097	9780748669110							http://universitypublishingonline.org/edinburgh/ebook.jsf?bid=CBO9780748669110	Wilson/Kimber/da Sousa Correa	CBO9780748669110		fulltext		Edinburgh University Press	Monograph	2013-09-16 00:00:00	2014-03-05 00:00:00	0	1				P
Lacan Deleuze Badiou	9780748682058	9780748682065							http://universitypublishingonline.org/edinburgh/ebook.jsf?bid=CBO9780748682065	Bartlett/Clemens	CBO9780748682065		fulltext		Edinburgh University Press	Monograph	2014-02-12 00:00:00	2014-09-05 00:00:00	0	1				P
Language Planning as a Sociolinguistic Experiment	9780748637829	9780748678341							http://universitypublishingonline.org/edinburgh/ebook.jsf?bid=CBO9780748678341	Jahr	CBO9780748678341		fulltext		Edinburgh University Press	Monograph	2014-04-08 00:00:00	2014-09-05 00:00:00	0	1				P
Language and Identity in Modern Egypt	9780748689644	9780748689651							http://universitypublishingonline.org/edinburgh/ebook.jsf?bid=CBO9780748689651	Bassiouney	CBO9780748689651		fulltext		Edinburgh University Press	Monograph	2014-03-16 00:00:00	2014-09-05 00:00:00	0	1				P
Language and Politics	9780748624522	9780748626977							http://universitypublishingonline.org/edinburgh/ebook.jsf?bid=CBO9780748626977	Joseph	CBO9780748626977		fulltext		Edinburgh University Press	Monograph	2009-06-21 00:00:00	2013-08-05 00:00:00	0	1				P
Language and Social Change in Central Europe	9780748635986	9780748635993							http://universitypublishingonline.org/edinburgh/ebook.jsf?bid=CBO9780748635993	Stevenson/Carl	CBO9780748635993		fulltext		Edinburgh University Press	Monograph	2010-07-31 00:00:00	2013-02-05 00:00:00	0	1				P
Law Making and the Scottish Parliament	9780748640195	9780748645435							http://universitypublishingonline.org/edinburgh/ebook.jsf?bid=CBO9780748645435	Sutherland/Goodall/Little	CBO9780748645435		fulltext		Edinburgh University Press	Monograph	2011-02-15 00:00:00	2013-09-05 00:00:00	0	1				P
Levinas and the Postcolonial	9780748641031	9780748647064							http://universitypublishingonline.org/edinburgh/ebook.jsf?bid=CBO9780748647064	Drabinski	CBO9780748647064		fulltext		Edinburgh University Press	Monograph	2011-06-28 00:00:00	2012-09-12 00:00:00	0	1				P
Liberal Peace Transitions	9780748638765	9780748642069							http://universitypublishingonline.org/edinburgh/ebook.jsf?bid=CBO9780748642069	Richmond/Franks	CBO9780748642069		fulltext		Edinburgh University Press	Monograph	2009-09-16 00:00:00	2012-09-12 00:00:00	0	1				P
Linguistic Awareness in Multilinguals	9780748619139	9780748626540							http://universitypublishingonline.org/edinburgh/ebook.jsf?bid=CBO9780748626540	Jessner	CBO9780748626540		fulltext		Edinburgh University Press	Monograph	2006-03-15 00:00:00	2013-09-05 00:00:00	0	1				P
Literature Cinema and Politics 1930–1945	9780748639502	9780748642656							http://universitypublishingonline.org/edinburgh/ebook.jsf?bid=CBO9780748642656	Feigel	CBO9780748642656		fulltext		Edinburgh University Press	Monograph	2010-07-16 00:00:00	2012-09-12 00:00:00	0	1				P
Literature and Nation in the Middle East	9780748620739	9780748626441							http://universitypublishingonline.org/edinburgh/ebook.jsf?bid=CBO9780748626441	Suleiman/Muhawi	CBO9780748626441		fulltext		Edinburgh University Press	Monograph	2006-02-15 00:00:00	2012-09-12 00:00:00	0	1				P
Literature of the 1940s	9780748627448	9780748631513							http://universitypublishingonline.org/edinburgh/ebook.jsf?bid=CBO9780748631513	Plain	CBO9780748631513		fulltext		Edinburgh University Press	Monograph	2013-09-10 00:00:00	2014-03-05 00:00:00	5	1				P
Literature of the 1980s	9780748633944	9780748633968							http://universitypublishingonline.org/edinburgh/ebook.jsf?bid=CBO9780748633968	Brooker	CBO9780748633968		fulltext		Edinburgh University Press	Monograph	2010-10-05 00:00:00	2012-09-12 00:00:00	9	1				P
Living Islamic History	9780748637386	9780748642199							http://universitypublishingonline.org/edinburgh/ebook.jsf?bid=CBO9780748642199	Suleiman	CBO9780748642199		fulltext		Edinburgh University Press	Monograph	2010-04-21 00:00:00	2012-09-12 00:00:00	0	1				P
London's Underground Spaces	9780748676071	9780748676088							http://universitypublishingonline.org/edinburgh/ebook.jsf?bid=CBO9780748676088	Hwang	CBO9780748676088		fulltext		Edinburgh University Press	Monograph	2013-07-12 00:00:00	2013-10-05 00:00:00	0	1				P
Lost in Translation	9780748637454	9780748637478							http://universitypublishingonline.org/edinburgh/ebook.jsf?bid=CBO9780748637478	King	CBO9780748637478		fulltext		Edinburgh University Press	Monograph	2010-03-31 00:00:00	2013-08-05 00:00:00	0	1				P
Luck Egalitarianism	9780748638697	9780748641376							http://universitypublishingonline.org/edinburgh/ebook.jsf?bid=CBO9780748641376	Knight	CBO9780748641376		fulltext		Edinburgh University Press	Monograph	2009-07-10 00:00:00	2012-09-12 00:00:00	0	1				P
Masquerades of Modernity	9780748633197	9780748633210							http://universitypublishingonline.org/edinburgh/ebook.jsf?bid=CBO9780748633210	de Jong	CBO9780748633210		fulltext		Edinburgh University Press	Monograph	2007-10-26 00:00:00	2013-08-05 00:00:00	0	1				P
Material Inscriptions	9780748681228	9780748681235							http://universitypublishingonline.org/edinburgh/ebook.jsf?bid=CBO9780748681235	Warminski	CBO9780748681235		fulltext		Edinburgh University Press	Monograph	2013-06-07 00:00:00	2013-10-05 00:00:00	0	1				P
Media Audiences	9780748624171	9780748630363							http://universitypublishingonline.org/edinburgh/ebook.jsf?bid=CBO9780748630363	Gorton	CBO9780748630363		fulltext		Edinburgh University Press	Monograph	2009-09-08 00:00:00	2013-08-05 00:00:00	0	1				P
Media Discourse	9780748623471	9780748630073							http://universitypublishingonline.org/edinburgh/ebook.jsf?bid=CBO9780748630073	Talbot	CBO9780748630073		fulltext		Edinburgh University Press	Monograph	2007-09-15 00:00:00	2013-08-05 00:00:00	0	1				P
Media Policy and Globalization	9780748618491	9780748627219							http://universitypublishingonline.org/edinburgh/ebook.jsf?bid=CBO9780748627219	Chakravartty/Sarikakis	CBO9780748627219		fulltext		Edinburgh University Press	Monograph	2006-06-15 00:00:00	2013-08-05 00:00:00	0	1				P
Media Regulation, Public Interest and the Law	9780748621668	9780748627158							http://universitypublishingonline.org/edinburgh/ebook.jsf?bid=CBO9780748627158	Feintuck/Varney	CBO9780748627158		fulltext		Edinburgh University Press	Monograph	2006-07-10 00:00:00	2013-08-05 00:00:00	0	2				P
Media Rights and Intellectual Property	9780748618804	9780748680597							http://universitypublishingonline.org/edinburgh/ebook.jsf?bid=CBO9780748680597	Haynes	CBO9780748680597		fulltext		Edinburgh University Press	Monograph	2005-05-09 00:00:00	2013-08-05 00:00:00	0	1				P
Media and Memory	9780748640348	9780748647071							http://universitypublishingonline.org/edinburgh/ebook.jsf?bid=CBO9780748647071	Garde-Hansen	CBO9780748647071		fulltext		Edinburgh University Press	Monograph	2011-06-29 00:00:00	2013-08-05 00:00:00	0	1				P
Medieval Islamic Political Thought	9780748618705	9780748646500							http://universitypublishingonline.org/edinburgh/ebook.jsf?bid=CBO9780748646500	Crone	CBO9780748646500		fulltext		Edinburgh University Press	Monograph	2004-01-28 00:00:00	2013-08-05 00:00:00	0	1				P
Mel Brooks in the Cultural Industries	9780748649587	9780748664481							http://universitypublishingonline.org/edinburgh/ebook.jsf?bid=CBO9780748664481	Symons	CBO9780748664481		fulltext		Edinburgh University Press	Monograph	2012-08-06 00:00:00	2013-08-05 00:00:00	0	1				P
Memento	9780748637713	9780748637737							http://universitypublishingonline.org/edinburgh/ebook.jsf?bid=CBO9780748637737	Molloy	CBO9780748637737		fulltext		Edinburgh University Press	Monograph	2010-02-28 00:00:00	2013-08-05 00:00:00	0	1				P
Memory and the Moving Image	9780748638918	9780748642205							http://universitypublishingonline.org/edinburgh/ebook.jsf?bid=CBO9780748642205	McNeill	CBO9780748642205		fulltext		Edinburgh University Press	Monograph	2010-02-28 00:00:00	2013-08-05 00:00:00	0	1				P
Mixed Jurisdictions Compared	9780748638864	9780748642120							http://universitypublishingonline.org/edinburgh/ebook.jsf?bid=CBO9780748642120	Palmer/Reid	CBO9780748642120		fulltext		Edinburgh University Press	Monograph	2009-10-15 00:00:00	2012-09-12 00:00:00	0	1				P
Modern Arab Journalism	9780748634101	9780748634125							http://universitypublishingonline.org/edinburgh/ebook.jsf?bid=CBO9780748634125	Mellor	CBO9780748634125		fulltext		Edinburgh University Press	Monograph	2007-11-30 00:00:00	2013-08-05 00:00:00	0	1				P
Modern Literature and the Tragic	9780748636730	9780748636747							http://universitypublishingonline.org/edinburgh/ebook.jsf?bid=CBO9780748636747	Newton	CBO9780748636747		fulltext		Edinburgh University Press	Monograph	2008-06-20 00:00:00	2012-09-12 00:00:00	0	1				P
Modern Nostalgia	9780748633067	9780748633074							http://universitypublishingonline.org/edinburgh/ebook.jsf?bid=CBO9780748633074	Hemmings	CBO9780748633074		fulltext		Edinburgh University Press	Monograph	2008-07-04 00:00:00	2012-09-12 00:00:00	0	1				P
Modernism and Magic	9780748627691	9780748631650							http://universitypublishingonline.org/edinburgh/ebook.jsf?bid=CBO9780748631650	Wilson	CBO9780748631650		fulltext		Edinburgh University Press	Monograph	2012-11-14 00:00:00	2013-08-05 00:00:00	0	1				P
Moving Images	9780748669486	9780748669493							http://universitypublishingonline.org/edinburgh/ebook.jsf?bid=CBO9780748669493	Groth	CBO9780748669493		fulltext		Edinburgh University Press	Monograph	2013-08-23 00:00:00	2014-03-05 00:00:00	0	1				P
Muriel Rukeyser and Documentary	9780748670536	9780748670543							http://universitypublishingonline.org/edinburgh/ebook.jsf?bid=CBO9780748670543	Gander	CBO9780748670543		fulltext		Edinburgh University Press	Monograph	2013-01-04 00:00:00	2013-08-05 00:00:00	0	1				P
Music Video and the Politics of Representation	9780748633227	9780748633241							http://universitypublishingonline.org/edinburgh/ebook.jsf?bid=CBO9780748633241	Railton/Watson	CBO9780748633241		fulltext		Edinburgh University Press	Monograph	2011-07-07 00:00:00	2013-08-05 00:00:00	0	1				P
Music, Sound and Multimedia	9780748625338	9780748630905							http://universitypublishingonline.org/edinburgh/ebook.jsf?bid=CBO9780748630905	Sexton	CBO9780748630905		fulltext		Edinburgh University Press	Monograph	2007-11-14 00:00:00	2013-09-05 00:00:00	0	1				P
Muslim Political Participation in Europe	9780748646944	9780748646951							http://universitypublishingonline.org/edinburgh/ebook.jsf?bid=CBO9780748646951	Nielsen	CBO9780748646951		fulltext		Edinburgh University Press	Monograph	2013-02-20 00:00:00	2013-10-05 00:00:00	0	1				P
Muslims in Britain	9780748625871	9780748631230							http://universitypublishingonline.org/edinburgh/ebook.jsf?bid=CBO9780748631230	Hopkins/Gale	CBO9780748631230		fulltext		Edinburgh University Press	Monograph	2009-03-31 00:00:00	2013-08-05 00:00:00	0	1				P
Muslims of Europe	9780748639472	9780748642083							http://universitypublishingonline.org/edinburgh/ebook.jsf?bid=CBO9780748642083	Hellyer	CBO9780748642083		fulltext		Edinburgh University Press	Monograph	2009-09-30 00:00:00	2013-08-05 00:00:00	0	1				P
Myth of the Western	9780748685585	9780748685592							http://universitypublishingonline.org/edinburgh/ebook.jsf?bid=CBO9780748685592	Carter	CBO9780748685592		fulltext		Edinburgh University Press	Monograph	2014-03-11 00:00:00	2014-09-05 00:00:00	0	1				P
New Korean Cinema	9780748618514	9780748680627							http://universitypublishingonline.org/edinburgh/ebook.jsf?bid=CBO9780748680627	Shin/Stringer	CBO9780748680627		fulltext		Edinburgh University Press	Monograph	2005-07-11 00:00:00	2013-08-05 00:00:00	0	1				P
New Punk Cinema	9780748620340	9780748680603							http://universitypublishingonline.org/edinburgh/ebook.jsf?bid=CBO9780748680603	Rombes	CBO9780748680603		fulltext		Edinburgh University Press	Monograph	2005-05-19 00:00:00	2013-08-05 00:00:00	0	1				P
New Taiwanese Cinema in Focus	9780748682010	9780748682027							http://universitypublishingonline.org/edinburgh/ebook.jsf?bid=CBO9780748682027	Wilson	CBO9780748682027		fulltext		Edinburgh University Press	Monograph	2014-03-17 00:00:00	2014-09-05 00:00:00	0	1				P
New Zealand English	9780748625291	9780748630882							http://universitypublishingonline.org/edinburgh/ebook.jsf?bid=CBO9780748630882	Hay/Maclagan	CBO9780748630882		fulltext		Edinburgh University Press	Monograph	2008-03-12 00:00:00	2012-09-12 00:00:00	0	1				P
Newfoundland and Labrador English	9780748626168	9780748631414							http://universitypublishingonline.org/edinburgh/ebook.jsf?bid=CBO9780748631414	Clarke	CBO9780748631414		fulltext		Edinburgh University Press	Monograph	2010-02-28 00:00:00	2012-09-12 00:00:00	0	1				P
Nietzsche on Epistemology and Metaphysics	9780748628070	9780748631865							http://universitypublishingonline.org/edinburgh/ebook.jsf?bid=CBO9780748631865	Doyle	CBO9780748631865		fulltext		Edinburgh University Press	Monograph	2009-06-23 00:00:00	2012-09-12 00:00:00	0	1				P
Nineteenth-Century U.S. Literature in Middle Eastern Languages	9780748645640	9780748683093							http://universitypublishingonline.org/edinburgh/ebook.jsf?bid=CBO9780748683093	Einboden	CBO9780748683093		fulltext		Edinburgh University Press	Monograph	2013-05-20 00:00:00	2013-10-05 00:00:00	0	1				P
Northern and Insular Scots	9780748623167	9780748629961							http://universitypublishingonline.org/edinburgh/ebook.jsf?bid=CBO9780748629961	Millar	CBO9780748629961		fulltext		Edinburgh University Press	Monograph	2007-01-26 00:00:00	2012-09-12 00:00:00	0	1				P
Not Half No End	9780748639854	9780748642236							http://universitypublishingonline.org/edinburgh/ebook.jsf?bid=CBO9780748642236	Bennington	CBO9780748642236		fulltext		Edinburgh University Press	Monograph	2010-02-10 00:00:00	2012-09-12 00:00:00	0	1				P
Of Jews and Animals	9780748640539	9780748642311							http://universitypublishingonline.org/edinburgh/ebook.jsf?bid=CBO9780748642311	Benjamin	CBO9780748642311		fulltext		Edinburgh University Press	Monograph	2010-04-08 00:00:00	2012-09-12 00:00:00	0	1				P
Of Laws of Ships and Shipmen	9780748646241	9780748668076							http://universitypublishingonline.org/edinburgh/ebook.jsf?bid=CBO9780748668076	Frankot	CBO9780748668076		fulltext		Edinburgh University Press	Monograph	2012-08-27 00:00:00	2013-08-05 00:00:00	0	1				P
On Art and War and Terror	9780748639151	9780748641383							http://universitypublishingonline.org/edinburgh/ebook.jsf?bid=CBO9780748641383	Danchev	CBO9780748641383		fulltext		Edinburgh University Press	Monograph	2009-07-06 00:00:00	2012-09-12 00:00:00	0	1				P
Open Subjects	9780748642533	9780748647101							http://universitypublishingonline.org/edinburgh/ebook.jsf?bid=CBO9780748647101	Kuzner	CBO9780748647101		fulltext		Edinburgh University Press	Monograph	2011-06-28 00:00:00	2012-09-12 00:00:00	0	1				P
Our Nazis	9780748668649	9780748668656							http://universitypublishingonline.org/edinburgh/ebook.jsf?bid=CBO9780748668656	Rau	CBO9780748668656		fulltext		Edinburgh University Press	Monograph	2013-05-20 00:00:00	2013-10-05 00:00:00	0	1				P
Palestinian Cinema	9780748634071	9780748634095							http://universitypublishingonline.org/edinburgh/ebook.jsf?bid=CBO9780748634095	Gertz/Khleifi	CBO9780748634095		fulltext		Edinburgh University Press	Monograph	2008-01-15 00:00:00	2013-08-05 00:00:00	0	1				P
Pascual de Gayangos	9780748635474	9780748635481							http://universitypublishingonline.org/edinburgh/ebook.jsf?bid=CBO9780748635481	Millan/Heide	CBO9780748635481		fulltext		Edinburgh University Press	Monograph	2008-11-03 00:00:00	2012-09-12 00:00:00	0	1				P
Phenomenology or Deconstruction?	9780748637591	9780748637607							http://universitypublishingonline.org/edinburgh/ebook.jsf?bid=CBO9780748637607	Watkin	CBO9780748637607		fulltext		Edinburgh University Press	Monograph	2009-03-03 00:00:00	2012-09-12 00:00:00	0	1				P
Philanthropy in British and American Fiction	9780748625086	9780748630745							http://universitypublishingonline.org/edinburgh/ebook.jsf?bid=CBO9780748630745	Christianson	CBO9780748630745		fulltext		Edinburgh University Press	Monograph	2007-11-28 00:00:00	2012-09-12 00:00:00	0	1				P
Philosophy Outside-In	9780748684557	9780748684564							http://universitypublishingonline.org/edinburgh/ebook.jsf?bid=CBO9780748684564	Norris	CBO9780748684564		fulltext		Edinburgh University Press	Monograph	2013-08-23 00:00:00	2014-03-05 00:00:00	0	1				P
Philosophy and Love	9780748623679	9780748637768							http://universitypublishingonline.org/edinburgh/ebook.jsf?bid=CBO9780748637768	Secomb	CBO9780748637768		fulltext		Edinburgh University Press	Monograph	2007-05-11 00:00:00	2012-09-12 00:00:00	0	1				P
Philosophy of International Law	9780748622559	9780748628131							http://universitypublishingonline.org/edinburgh/ebook.jsf?bid=CBO9780748628131	Carty	CBO9780748628131		fulltext		Edinburgh University Press	Monograph	2007-03-11 00:00:00	2012-09-12 00:00:00	0	1				P
Political Discourse and National Identity in Scotland	9780748637362	9780748647118							http://universitypublishingonline.org/edinburgh/ebook.jsf?bid=CBO9780748647118	Leith/Soule	CBO9780748647118		fulltext		Edinburgh University Press	Monograph	2011-06-08 00:00:00	2013-08-05 00:00:00	0	1				P
Politics of Nostalgia in the Arabic Novel	9780748655694	9780748655700							http://universitypublishingonline.org/edinburgh/ebook.jsf?bid=CBO9780748655700	Gertz	CBO9780748655700		fulltext		Edinburgh University Press	Monograph	2013-01-22 00:00:00	2013-08-05 00:00:00	0	1				P
Politics of the Gift	9780748642021	9780748646074							http://universitypublishingonline.org/edinburgh/ebook.jsf?bid=CBO9780748646074	Moore	CBO9780748646074		fulltext		Edinburgh University Press	Monograph	2011-04-25 00:00:00	2012-09-12 00:00:00	0	1				P
Politics on the Edges of Liberalism	9780748625116	9780748630769							http://universitypublishingonline.org/edinburgh/ebook.jsf?bid=CBO9780748630769	Arditi	CBO9780748630769		fulltext		Edinburgh University Press	Monograph	2007-01-10 00:00:00	2012-09-12 00:00:00	0	1				P
Portmahomack	9780748624416	9780748630462							http://universitypublishingonline.org/edinburgh/ebook.jsf?bid=CBO9780748630462	Garver	CBO9780748630462		fulltext		Edinburgh University Press	Monograph	2008-07-03 00:00:00	2013-08-05 00:00:00	0	1				P
Post-Marxism Versus Cultural Studies	9780748617623	9780748628797							http://universitypublishingonline.org/edinburgh/ebook.jsf?bid=CBO9780748628797	Bowman	CBO9780748628797		fulltext		Edinburgh University Press	Monograph	2007-04-18 00:00:00	2012-09-12 00:00:00	0	1				P
Post-War Anglophone Lebanese Fiction	9780748643424	9780748643431							http://universitypublishingonline.org/edinburgh/ebook.jsf?bid=CBO9780748643431	Hout	CBO9780748643431		fulltext		Edinburgh University Press	Monograph	2012-09-12 00:00:00	2013-08-05 00:00:00	0	1				P
Post-War Planning on the Periphery	9780748643882	9780748643899							http://universitypublishingonline.org/edinburgh/ebook.jsf?bid=CBO9780748643899	Mills	CBO9780748643899		fulltext		Edinburgh University Press	Monograph	2012-08-06 00:00:00	2013-08-05 00:00:00	0	1				P
Post-beur Cinema	9780748640041	9780748678150							http://universitypublishingonline.org/edinburgh/ebook.jsf?bid=CBO9780748678150	Higbee	CBO9780748678150		fulltext		Edinburgh University Press	Monograph	2013-07-22 00:00:00	2013-10-05 00:00:00	0	1				P
Postcolonial Agency	9780748639434	9780748642441							http://universitypublishingonline.org/edinburgh/ebook.jsf?bid=CBO9780748642441	Bignall	CBO9780748642441		fulltext		Edinburgh University Press	Monograph	2010-05-07 00:00:00	2012-09-12 00:00:00	0	1				P
Power Play	9780748635924	9780748635948							http://universitypublishingonline.org/edinburgh/ebook.jsf?bid=CBO9780748635948	Boyle/Haynes	CBO9780748635948		fulltext		Edinburgh University Press	Monograph	2009-05-21 00:00:00	2013-08-05 00:00:00	0	1				P
Prince Otto, by Robert Louis Stevenson	9780748645237	9780748645244							http://universitypublishingonline.org/edinburgh/ebook.jsf?bid=CBO9780748645244	Irvine	CBO9780748645244		fulltext		Edinburgh University Press	Monograph	2014-04-28 00:00:00	2014-10-05 00:00:00	0	1				P
Prisons in the Late Ottoman Empire	9780748641734	9780748677696							http://universitypublishingonline.org/edinburgh/ebook.jsf?bid=CBO9780748677696	Schull	CBO9780748677696		fulltext		Edinburgh University Press	Monograph	2014-04-11 00:00:00	2014-09-05 00:00:00	0	1				P
Processes in Third Language Acquisition	9780748635115	9780748635122							http://universitypublishingonline.org/edinburgh/ebook.jsf?bid=CBO9780748635122	Hammarberg	CBO9780748635122		fulltext		Edinburgh University Press	Monograph	2009-08-20 00:00:00	2012-09-12 00:00:00	0	1				P
Prosaic Desires	9780748640850	9780748642861							http://universitypublishingonline.org/edinburgh/ebook.jsf?bid=CBO9780748642861	Crangle	CBO9780748642861		fulltext		Edinburgh University Press	Monograph	2010-07-05 00:00:00	2012-09-12 00:00:00	0	1				P
Psychoanalysis is an Antiphilosophy	9780748678945	9780748678952							http://universitypublishingonline.org/edinburgh/ebook.jsf?bid=CBO9780748678952	Clemens	CBO9780748678952		fulltext		Edinburgh University Press	Monograph	2013-05-13 00:00:00	2013-10-05 00:00:00	0	1				P
Public Violence in Islamic Societies	9780748637317	9780748637331							http://universitypublishingonline.org/edinburgh/ebook.jsf?bid=CBO9780748637331	Lange/Fierro	CBO9780748637331		fulltext		Edinburgh University Press	Monograph	2009-07-31 00:00:00	2012-09-12 00:00:00	0	1				P
Pursuing the Good	9780748628117	9780748631889							http://universitypublishingonline.org/edinburgh/ebook.jsf?bid=CBO9780748631889	Cairns/Herrmann/Penner	CBO9780748631889		fulltext		Edinburgh University Press	Monograph	2007-11-21 00:00:00	2012-09-12 00:00:00	0	1				P
Race in Modern Irish Literature and Culture	9780748638833	9780748640959							http://universitypublishingonline.org/edinburgh/ebook.jsf?bid=CBO9780748640959	Brannigan	CBO9780748640959		fulltext		Edinburgh University Press	Monograph	2009-06-25 00:00:00	2012-09-12 00:00:00	0	1				P
Re-Humanising Shakespeare	9780748623181	9780748629978							http://universitypublishingonline.org/edinburgh/ebook.jsf?bid=CBO9780748629978	Mousley	CBO9780748629978		fulltext		Edinburgh University Press	Monograph	2007-06-19 00:00:00	2012-09-12 00:00:00	0	1				P
Reading Literature Historically	9780748681013	9780748681020							http://universitypublishingonline.org/edinburgh/ebook.jsf?bid=CBO9780748681020	Walker	CBO9780748681020		fulltext		Edinburgh University Press	Monograph	2013-02-06 00:00:00	2013-10-05 00:00:00	0	1				P
Reading Virginia Woolf	9780748624348	9780748626953							http://universitypublishingonline.org/edinburgh/ebook.jsf?bid=CBO9780748626953	Briggs	CBO9780748626953		fulltext		Edinburgh University Press	Monograph	2006-06-14 00:00:00	2012-09-12 00:00:00	0	1				P
Reading and Responsibility	9780748640089	9780748642458							http://universitypublishingonline.org/edinburgh/ebook.jsf?bid=CBO9780748642458	Attridge	CBO9780748642458		fulltext		Edinburgh University Press	Monograph	2010-05-27 00:00:00	2012-09-12 00:00:00	0	1				P
Religion and Politics	9780748691739	9780748691746							http://universitypublishingonline.org/edinburgh/ebook.jsf?bid=CBO9780748691746	Arnason/Karolewski	CBO9780748691746		fulltext		Edinburgh University Press	Monograph	2014-04-23 00:00:00	2014-09-05 00:00:00	0	1				P
Republican Democracy	9780748643066	9780748677597							http://universitypublishingonline.org/edinburgh/ebook.jsf?bid=CBO9780748677597	Niederberger/Schink	CBO9780748677597		fulltext		Edinburgh University Press	Monograph	2013-05-23 00:00:00	2013-10-05 00:00:00	0	1				P
Returning to Revolution	9780748655861	9780748655878							http://universitypublishingonline.org/edinburgh/ebook.jsf?bid=CBO9780748655878	Nail	CBO9780748655878		fulltext		Edinburgh University Press	Monograph	2012-08-06 00:00:00	2013-08-05 00:00:00	0	1				P
Revolution or Evolution?	9780748638994	9780748642151							http://universitypublishingonline.org/edinburgh/ebook.jsf?bid=CBO9780748642151	Curtice/McCrone/McEwen	CBO9780748642151		fulltext		Edinburgh University Press	Monograph	2009-12-07 00:00:00	2012-09-12 00:00:00	0	1				P
Rituals of Islamic Monarchy	9780748625123	9780748630776							http://universitypublishingonline.org/edinburgh/ebook.jsf?bid=CBO9780748630776	Marsham	CBO9780748630776		fulltext		Edinburgh University Press	Monograph	2009-05-31 00:00:00	2013-09-05 00:00:00	0	1				P
Roman Law, Scots Law and Legal History	9780748625161	9780748630813							http://universitypublishingonline.org/edinburgh/ebook.jsf?bid=CBO9780748630813	Gordon	CBO9780748630813		fulltext		Edinburgh University Press	Monograph	2007-10-26 00:00:00	2013-08-05 00:00:00	0	1				P
Romani in Britain	9780748639045	9780748643691							http://universitypublishingonline.org/edinburgh/ebook.jsf?bid=CBO9780748643691	Matras	CBO9780748643691		fulltext		Edinburgh University Press	Monograph	2010-10-05 00:00:00	2012-09-12 00:00:00	0	1				P
Romantics and Modernists in British Cinema	9780748640140	9780748642304							http://universitypublishingonline.org/edinburgh/ebook.jsf?bid=CBO9780748642304	Orr	CBO9780748642304		fulltext		Edinburgh University Press	Monograph	2010-04-30 00:00:00	2013-08-05 00:00:00	0	1				P
Roomscape	9780748640652	9780748681617							http://universitypublishingonline.org/edinburgh/ebook.jsf?bid=CBO9780748681617	Bernstein	CBO9780748681617		fulltext		Edinburgh University Press	Monograph	2013-03-14 00:00:00	2013-09-05 00:00:00	0	1				P
Scandalous Knowledge	9780748620234	9780748626342							http://universitypublishingonline.org/edinburgh/ebook.jsf?bid=CBO9780748626342	Herrnstein Smith	CBO9780748626342		fulltext		Edinburgh University Press	Monograph	2006-01-05 00:00:00	2012-09-12 00:00:00	0	1				P
Science Fiction Cinema	9780748624652	9780748628704							http://universitypublishingonline.org/edinburgh/ebook.jsf?bid=CBO9780748628704	Cornea	CBO9780748628704		fulltext		Edinburgh University Press	Monograph	2007-06-06 00:00:00	2013-08-05 00:00:00	0	1				P
Scottish Gods	9780748682898	9780748682904							http://universitypublishingonline.org/edinburgh/ebook.jsf?bid=CBO9780748682904	Bruce	CBO9780748682904		fulltext		Edinburgh University Press	Monograph	2014-03-17 00:00:00	2014-09-05 00:00:00	0	1				P
Scottish Modernism and its Contexts 1918–1959	9780748634743	9780748634750							http://universitypublishingonline.org/edinburgh/ebook.jsf?bid=CBO9780748634750	Palmer McCulloch	CBO9780748634750		fulltext		Edinburgh University Press	Monograph	2009-05-15 00:00:00	2012-09-12 00:00:00	0	1				P
Scottish Newspapers, Language and Identity	9780748624379	9780748630431							http://universitypublishingonline.org/edinburgh/ebook.jsf?bid=CBO9780748630431	Douglas	CBO9780748630431		fulltext		Edinburgh University Press	Monograph	2009-03-31 00:00:00	2013-08-05 00:00:00	0	1				P
Scottish Women's Gothic and Fantastic Writing	9780748637645	9780748637652							http://universitypublishingonline.org/edinburgh/ebook.jsf?bid=CBO9780748637652	Germanà	CBO9780748637652		fulltext		Edinburgh University Press	Monograph	2010-09-16 00:00:00	2012-09-12 00:00:00	0	1				P
Shakespeare in Theory and Practice	9780748633012	9780748632152							http://universitypublishingonline.org/edinburgh/ebook.jsf?bid=CBO9780748632152	Belsey	CBO9780748632152		fulltext		Edinburgh University Press	Monograph	2008-05-22 00:00:00	2012-09-12 00:00:00	0	1				P
Shakespearean Maternities	9780748624362	9780748630424							http://universitypublishingonline.org/edinburgh/ebook.jsf?bid=CBO9780748630424	Laoutaris	CBO9780748630424		fulltext		Edinburgh University Press	Monograph	2008-06-20 00:00:00	2013-09-05 00:00:00	0	1				P
Shane Meadows	9780748676392	9780748676408							http://universitypublishingonline.org/edinburgh/ebook.jsf?bid=CBO9780748676408	Fradley	CBO9780748676408		fulltext		Edinburgh University Press	Monograph	2013-07-22 00:00:00	2013-10-05 00:00:00	0	1				P
Sibawayh on ?imalah (Inclination)	9780748627950	9780748631810							http://universitypublishingonline.org/edinburgh/ebook.jsf?bid=CBO9780748631810	Sara	CBO9780748631810		fulltext		Edinburgh University Press	Monograph	2007-07-13 00:00:00	2012-09-12 00:00:00	0	1				P
Singapore English	9780748625444	9780748630967							http://universitypublishingonline.org/edinburgh/ebook.jsf?bid=CBO9780748630967	Deterding	CBO9780748630967		fulltext		Edinburgh University Press	Monograph	2007-08-01 00:00:00	2012-09-12 00:00:00	0	1				P
Sonic Modernity	9780748627615	9780748632565							http://universitypublishingonline.org/edinburgh/ebook.jsf?bid=CBO9780748632565	Halliday	CBO9780748632565		fulltext		Edinburgh University Press	Monograph	2013-03-14 00:00:00	2013-10-05 00:00:00	0	1				P
South Asian Atlantic Literature 1970–2010	9780748641888	9780748653843							http://universitypublishingonline.org/edinburgh/ebook.jsf?bid=CBO9780748653843	Maxey	CBO9780748653843		fulltext		Edinburgh University Press	Monograph	2011-11-30 00:00:00	2012-09-12 00:00:00	0	1				P
Sovereignty after Empire	9780748643042	9780748647545							http://universitypublishingonline.org/edinburgh/ebook.jsf?bid=CBO9780748647545	Cummings/Hinnebusch	CBO9780748647545		fulltext		Edinburgh University Press	Monograph	2011-07-19 00:00:00	2012-09-12 00:00:00	0	1				P
Spanish America and British Romanticism 1777–1826	9780748638680	9780748641611							http://universitypublishingonline.org/edinburgh/ebook.jsf?bid=CBO9780748641611	Cole Heinowitz	CBO9780748641611		fulltext		Edinburgh University Press	Monograph	2010-02-28 00:00:00	2012-09-12 00:00:00	0	1				P
Spanish Queer Cinema	9780748665860	9780748665877							http://universitypublishingonline.org/edinburgh/ebook.jsf?bid=CBO9780748665877	Perriam	CBO9780748665877		fulltext		Edinburgh University Press	Monograph	2012-01-03 00:00:00	2013-08-05 00:00:00	0	1				P
Speaking against Number	9780748619818	9780748626281							http://universitypublishingonline.org/edinburgh/ebook.jsf?bid=CBO9780748626281	Elden	CBO9780748626281		fulltext		Edinburgh University Press	Monograph	2005-12-08 00:00:00	2012-09-12 00:00:00	0	1				P
Sufism and Theology	9780748626052	9780748631346							http://universitypublishingonline.org/edinburgh/ebook.jsf?bid=CBO9780748631346	Shihadeh	CBO9780748631346		fulltext		Edinburgh University Press	Monograph	2007-11-21 00:00:00	2012-09-12 00:00:00	0	1				P
Sweden, the Swastika and Stalin	9780748627462	9780748631520							http://universitypublishingonline.org/edinburgh/ebook.jsf?bid=CBO9780748631520	Gilmour	CBO9780748631520		fulltext		Edinburgh University Press	Monograph	2011-03-14 00:00:00	2013-08-05 00:00:00	0	1				P
Sylvia Plath's Fiction	9780748625093	9780748630752							http://universitypublishingonline.org/edinburgh/ebook.jsf?bid=CBO9780748630752	Ferretter	CBO9780748630752		fulltext		Edinburgh University Press	Monograph	2010-07-06 00:00:00	2012-09-12 00:00:00	0	1				P
Television Policy	9780748617173	9780748680580							http://universitypublishingonline.org/edinburgh/ebook.jsf?bid=CBO9780748680580	Franklin	CBO9780748680580		fulltext		Edinburgh University Press	Monograph	2005-05-04 00:00:00	2013-08-05 00:00:00	0	1				P
Temporality and Film Analysis	9780748643462	9780748643479							http://universitypublishingonline.org/edinburgh/ebook.jsf?bid=CBO9780748643479	Mroz	CBO9780748643479		fulltext		Edinburgh University Press	Monograph	2012-08-06 00:00:00	2013-08-05 00:00:00	0	1				P
Text World Theory	9780748622993	9780748629909							http://universitypublishingonline.org/edinburgh/ebook.jsf?bid=CBO9780748629909	Gavins	CBO9780748629909		fulltext		Edinburgh University Press	Monograph	2007-03-07 00:00:00	2013-08-05 00:00:00	0	1				P
The 'Alids	9780748638475	9780748638482							http://universitypublishingonline.org/edinburgh/ebook.jsf?bid=CBO9780748638482	Bernheimer	CBO9780748638482		fulltext		Edinburgh University Press	Monograph	2013-07-12 00:00:00	2013-10-05 00:00:00	0	1				P
The American Counterculture	9780748619887	9780748629091							http://universitypublishingonline.org/edinburgh/ebook.jsf?bid=CBO9780748629091	Gair	CBO9780748629091		fulltext		Edinburgh University Press	Monograph	2007-02-15 00:00:00	2013-08-05 00:00:00	0	1				P
The Arab Nahdah	9780748640690	9780748677900							http://universitypublishingonline.org/edinburgh/ebook.jsf?bid=CBO9780748677900	Patel	CBO9780748677900		fulltext		Edinburgh University Press	Monograph	2013-06-18 00:00:00	2013-10-05 00:00:00	0	1				P
The Arsenal of Democracy	9780748647477	9780748649730							http://universitypublishingonline.org/edinburgh/ebook.jsf?bid=CBO9780748649730	Bailey	CBO9780748649730		fulltext		Edinburgh University Press	Monograph	2013-06-18 00:00:00	2013-10-05 00:00:00	0	1				P
The Blind and Blindness in Literature of the Romantic Period	9780748632817	9780748632015							http://universitypublishingonline.org/edinburgh/ebook.jsf?bid=CBO9780748632015	Larrissy	CBO9780748632015		fulltext		Edinburgh University Press	Monograph	2007-06-19 00:00:00	2012-09-12 00:00:00	0	1				P
The Challenge of Pluralism	9780748639694	9780748642090							http://universitypublishingonline.org/edinburgh/ebook.jsf?bid=CBO9780748642090	Filali-Ansary/Karmali Ahmed	CBO9780748642090		fulltext		Edinburgh University Press	Monograph	2009-09-30 00:00:00	2012-09-12 00:00:00	0	1				P
The Cinema of Basil Dearden and Michael Relph	9780748632893	9780748632527							http://universitypublishingonline.org/edinburgh/ebook.jsf?bid=CBO9780748632527	Burton/O'Sullivan	CBO9780748632527		fulltext		Edinburgh University Press	Monograph	2009-12-14 00:00:00	2013-08-05 00:00:00	0	1				P
The Cinema of Small Nations	9780748625369	9780748630929							http://universitypublishingonline.org/edinburgh/ebook.jsf?bid=CBO9780748630929	Hjort/Petrie	CBO9780748630929		fulltext		Edinburgh University Press	Monograph	2007-11-21 00:00:00	2013-08-05 00:00:00	0	1				P
The Community of the College of Justice	9780748645770	9780748645787							http://universitypublishingonline.org/edinburgh/ebook.jsf?bid=CBO9780748645787	Finlay	CBO9780748645787		fulltext		Edinburgh University Press	Monograph	2012-08-10 00:00:00	2013-08-05 00:00:00	0	1				P
The Cosmopolitan Novel	9780748638154	9780748640836							http://universitypublishingonline.org/edinburgh/ebook.jsf?bid=CBO9780748640836	Schoene	CBO9780748640836		fulltext		Edinburgh University Press	Monograph	2009-06-23 00:00:00	2012-09-12 00:00:00	0	1				P
The Courts, the Church and the Constitution	9780748637546	9780748637553							http://universitypublishingonline.org/edinburgh/ebook.jsf?bid=CBO9780748637553	Rodger	CBO9780748637553		fulltext		Edinburgh University Press	Monograph	2008-07-09 00:00:00	2013-08-05 00:00:00	0	1				P
The Creation of the Ius Commune	9780748638970	9780748642922							http://universitypublishingonline.org/edinburgh/ebook.jsf?bid=CBO9780748642922	Cairns/du Plessis	CBO9780748642922		fulltext		Edinburgh University Press	Monograph	2010-07-30 00:00:00	2012-09-12 00:00:00	0	1				P
The Crisis of Social Democracy in Europe	9780748665822	9780748665839							http://universitypublishingonline.org/edinburgh/ebook.jsf?bid=CBO9780748665839	Keating	CBO9780748665839		fulltext		Edinburgh University Press	Monograph	2013-07-22 00:00:00	2013-10-05 00:00:00	0	1				P
The Cultural Work of Empire	9780748625642	9780748631223							http://universitypublishingonline.org/edinburgh/ebook.jsf?bid=CBO9780748631223	Watts	CBO9780748631223		fulltext		Edinburgh University Press	Monograph	2007-06-05 00:00:00	2012-09-12 00:00:00	0	1				P
The Culture of Letter-Writing in Pre-Modern Islamic Society	9780748633739	9780748633746							http://universitypublishingonline.org/edinburgh/ebook.jsf?bid=CBO9780748633746	Gully	CBO9780748633746		fulltext		Edinburgh University Press	Monograph	2008-02-07 00:00:00	2012-09-12 00:00:00	0	1				P
The Dandy in Irish and American Southern Fiction	9780748625482	9780748631018							http://universitypublishingonline.org/edinburgh/ebook.jsf?bid=CBO9780748631018	Crowell	CBO9780748631018		fulltext		Edinburgh University Press	Monograph	2007-11-19 00:00:00	2012-09-12 00:00:00	0	1				P
The Discursive Construction of National Identity	9780748637263	9780748637355							http://universitypublishingonline.org/edinburgh/ebook.jsf?bid=CBO9780748637355	Wodak et al	CBO9780748637355		fulltext		Edinburgh University Press	Monograph	2009-01-19 00:00:00	2012-09-12 00:00:00	0	1				P
The Edinburgh Festivals	9780748670307	9780748670314							http://universitypublishingonline.org/edinburgh/ebook.jsf?bid=CBO9780748670314	Bartie	CBO9780748670314		fulltext		Edinburgh University Press	Monograph	2013-05-21 00:00:00	2014-04-05 00:00:00	0	1				P
The Edinburgh History of the Greeks, c. 500 to 1050	9780748638093	9780748644896							http://universitypublishingonline.org/edinburgh/ebook.jsf?bid=CBO9780748644896	Curta	CBO9780748644896		fulltext		Edinburgh University Press	Monograph	2011-01-30 00:00:00	2013-08-05 00:00:00	0	1				P
The Emergence of Minorities in the Middle East	9780748641871	9780748647552							http://universitypublishingonline.org/edinburgh/ebook.jsf?bid=CBO9780748647552	White	CBO9780748647552		fulltext		Edinburgh University Press	Monograph	2011-07-31 00:00:00	2012-09-12 00:00:00	0	1				P
The Ethics of Armed Conflict	9780748645756	9780748645763							http://universitypublishingonline.org/edinburgh/ebook.jsf?bid=CBO9780748645763	Lango	CBO9780748645763		fulltext		Edinburgh University Press	Monograph	2014-01-29 00:00:00	2014-09-05 00:00:00	0	1				P
The Ethics of Writing	9780748618309	9780748628865							http://universitypublishingonline.org/edinburgh/ebook.jsf?bid=CBO9780748628865	Burke	CBO9780748628865		fulltext		Edinburgh University Press	Monograph	2008-01-23 00:00:00	2012-09-12 00:00:00	0	1				P
The European Court of Human Rights	9780748670574	9780748670581							http://universitypublishingonline.org/edinburgh/ebook.jsf?bid=CBO9780748670581	Anagnostou	CBO9780748670581		fulltext		Edinburgh University Press	Monograph	2013-04-22 00:00:00	2014-04-05 00:00:00	0	1				P
The European Union and South Korea	9780748668601	9780748668618							http://universitypublishingonline.org/edinburgh/ebook.jsf?bid=CBO9780748668618	Harrison	CBO9780748668618		fulltext		Edinburgh University Press	Monograph	2013-02-18 00:00:00	2014-04-05 00:00:00	0	1				P
The Figure of This World	9780748684090	9780748684106							http://universitypublishingonline.org/edinburgh/ebook.jsf?bid=CBO9780748684106	Abbott	CBO9780748684106		fulltext		Edinburgh University Press	Monograph	2014-01-08 00:00:00	2014-09-05 00:00:00	0	1				P
The Foreign Policy of Lyndon B. Johnson	9780748640133	9780748643288							http://universitypublishingonline.org/edinburgh/ebook.jsf?bid=CBO9780748643288	Colman	CBO9780748643288		fulltext		Edinburgh University Press	Monograph	2010-09-16 00:00:00	2012-09-12 00:00:00	0	1				P
The Future of Multicultural Britain	9780748635443	9780748635467							http://universitypublishingonline.org/edinburgh/ebook.jsf?bid=CBO9780748635467	Pathak	CBO9780748635467		fulltext		Edinburgh University Press	Monograph	2008-08-27 00:00:00	2012-09-12 00:00:00	0	1				P
The Girlhood of Shakespeare's Sisters	9780748655908	9780748655915							http://universitypublishingonline.org/edinburgh/ebook.jsf?bid=CBO9780748655915	Higginbotham	CBO9780748655915		fulltext		Edinburgh University Press	Monograph	2013-01-17 00:00:00	2013-08-05 00:00:00	0	1				P
The Gods of Ancient Greece	9780748637980	9780748642892							http://universitypublishingonline.org/edinburgh/ebook.jsf?bid=CBO9780748642892	Bremmer/Erskine	CBO9780748642892		fulltext		Edinburgh University Press	Monograph	2010-07-30 00:00:00	2013-08-05 00:00:00	0	1				P
The Great War on the Small Screen	9780748633890	9780748633906							http://universitypublishingonline.org/edinburgh/ebook.jsf?bid=CBO9780748633906	Hanna	CBO9780748633906		fulltext		Edinburgh University Press	Monograph	2009-10-20 00:00:00	2013-08-05 00:00:00	0	1				P
The Idea of Commercial Society in the Scottish Enlightenment	9780748645329	9780748645336							http://universitypublishingonline.org/edinburgh/ebook.jsf?bid=CBO9780748645336	Berry	CBO9780748645336		fulltext		Edinburgh University Press	Monograph	2013-07-09 00:00:00	2013-10-05 00:00:00	0	1				P
The Inner Life of a Rational Agent	9780748623433	9780748626731							http://universitypublishingonline.org/edinburgh/ebook.jsf?bid=CBO9780748626731	Stout	CBO9780748626731		fulltext		Edinburgh University Press	Monograph	2006-04-03 00:00:00	2012-09-12 00:00:00	0	1				P
The Iraqi Novel	9780748641413	9780748685233							http://universitypublishingonline.org/edinburgh/ebook.jsf?bid=CBO9780748685233	Caiani/Cobham	CBO9780748685233		fulltext		Edinburgh University Press	Monograph	2013-08-23 00:00:00	2014-02-05 00:00:00	0	1				P
The Jean Baudrillard Reader	9780748627882	9780748680641							http://universitypublishingonline.org/edinburgh/ebook.jsf?bid=CBO9780748680641	Redhead	CBO9780748680641		fulltext		Edinburgh University Press	Monograph	2008-01-15 00:00:00	2013-08-05 00:00:00	0	1				P
The Judicial Imagination	9780748642359	9780748647057							http://universitypublishingonline.org/edinburgh/ebook.jsf?bid=CBO9780748647057	Stonebridge	CBO9780748647057		fulltext		Edinburgh University Press	Monograph	2011-06-30 00:00:00	2015-02-05 00:00:00	0	1				P
The Kennedy Assassination	9780748624102	9780748630332							http://universitypublishingonline.org/edinburgh/ebook.jsf?bid=CBO9780748630332	Knight	CBO9780748630332		fulltext		Edinburgh University Press	Monograph	2007-09-03 00:00:00	2013-08-05 00:00:00	0	1				P
The Kirk and the Kingdom	9780748644735	9780748644742							http://universitypublishingonline.org/edinburgh/ebook.jsf?bid=CBO9780748644742	McKay	CBO9780748644742		fulltext		Edinburgh University Press	Monograph	2011-11-04 00:00:00	2013-08-05 00:00:00	0	1				P
The Lacanian Left	9780748619801	9780748629077							http://universitypublishingonline.org/edinburgh/ebook.jsf?bid=CBO9780748629077	Stavrakakis	CBO9780748629077		fulltext		Edinburgh University Press	Monograph	2007-07-12 00:00:00	2012-09-12 00:00:00	0	1				P
The Literary Cold War 1945 to Vietnam	9780748635276	9780748635283							http://universitypublishingonline.org/edinburgh/ebook.jsf?bid=CBO9780748635283	Piette	CBO9780748635283		fulltext		Edinburgh University Press	Monograph	2009-05-25 00:00:00	2012-09-12 00:00:00	0	1				P
The Literature of Pity	9780748639496	9780748691975							http://universitypublishingonline.org/edinburgh/ebook.jsf?bid=CBO9780748691975	Punter	CBO9780748691975		fulltext		Edinburgh University Press	Monograph	2014-03-17 00:00:00	2014-09-05 00:00:00	0	1				P
The Man-Leopard Murders	9780748625536	9780748631001							http://universitypublishingonline.org/edinburgh/ebook.jsf?bid=CBO9780748631001	Pratten	CBO9780748631001		fulltext		Edinburgh University Press	Monograph	2007-06-19 00:00:00	2013-08-05 00:00:00	0	1				P
The Media in Scotland	9780748627998	9780748631827							http://universitypublishingonline.org/edinburgh/ebook.jsf?bid=CBO9780748631827	Blain/Hutchinson	CBO9780748631827		fulltext		Edinburgh University Press	Monograph	2008-05-01 00:00:00	2013-08-05 00:00:00	0	1				P
The Modernist Party	9780748647316	9780748647323							http://universitypublishingonline.org/edinburgh/ebook.jsf?bid=CBO9780748647323	McLoughlin	CBO9780748647323		fulltext		Edinburgh University Press	Monograph	2013-03-05 00:00:00	2014-04-05 00:00:00	0	1				P
The Paul de Man Notebooks	9780748641048	9780748670178							http://universitypublishingonline.org/edinburgh/ebook.jsf?bid=CBO9780748670178	McQuillan/de Man	CBO9780748670178		fulltext		Edinburgh University Press	Monograph	2014-04-14 00:00:00	2014-12-05 00:00:00	0	1				P
The Persistence of the Negative	9780748638635	9780748643295							http://universitypublishingonline.org/edinburgh/ebook.jsf?bid=CBO9780748643295	Noys	CBO9780748643295		fulltext		Edinburgh University Press	Monograph	2010-09-13 00:00:00	2012-09-12 00:00:00	0	1				P
The Phantom of Chance	9780748645152	9780748645169							http://universitypublishingonline.org/edinburgh/ebook.jsf?bid=CBO9780748645169	Lyons	CBO9780748645169		fulltext		Edinburgh University Press	Monograph	2011-11-30 00:00:00	2012-09-12 00:00:00	0	1				P
The Philosophy of John Duns Scotus	9780748624621	9780748627257							http://universitypublishingonline.org/edinburgh/ebook.jsf?bid=CBO9780748627257	Vos	CBO9780748627257		fulltext		Edinburgh University Press	Monograph	2006-06-30 00:00:00	2012-09-12 00:00:00	0	1				P
The Photography of Victorian Scotland	9780748654611	9780748654628							http://universitypublishingonline.org/edinburgh/ebook.jsf?bid=CBO9780748654628	Simpson	CBO9780748654628		fulltext		Edinburgh University Press	Monograph	2012-09-03 00:00:00	2013-08-05 00:00:00	0	1				P
The Poetry of Jack Spicer	9780748640980	9780748677153							http://universitypublishingonline.org/edinburgh/ebook.jsf?bid=CBO9780748677153	Katz	CBO9780748677153		fulltext		Edinburgh University Press	Monograph	2013-01-17 00:00:00	2013-08-05 00:00:00	0	1				P
The Political Archive of Paul de Man	9780748665617	9780748665624							http://universitypublishingonline.org/edinburgh/ebook.jsf?bid=CBO9780748665624	McQuillan	CBO9780748665624		fulltext		Edinburgh University Press	Monograph	2012-08-06 00:00:00	2013-08-05 00:00:00	0	1				P
The Political Mind	9780748623860	9780748630226							http://universitypublishingonline.org/edinburgh/ebook.jsf?bid=CBO9780748630226	Laird	CBO9780748630226		fulltext		Edinburgh University Press	Monograph	2008-05-20 00:00:00	2012-09-12 00:00:00	0	1				P
The Politics of Military Occupation	9780748636716	9780748636723							http://universitypublishingonline.org/edinburgh/ebook.jsf?bid=CBO9780748636723	Stirk	CBO9780748636723		fulltext		Edinburgh University Press	Monograph	2009-07-06 00:00:00	2012-09-12 00:00:00	0	1				P
The Politics of Postanarchism	9780748634958	9780748634972							http://universitypublishingonline.org/edinburgh/ebook.jsf?bid=CBO9780748634972	Newman	CBO9780748634972		fulltext		Edinburgh University Press	Monograph	2010-03-24 00:00:00	2012-09-12 00:00:00	0	1				P
The Politics of Radical Democracy	9780748633999	9780748634019							http://universitypublishingonline.org/edinburgh/ebook.jsf?bid=CBO9780748634019	Little/Lloyd	CBO9780748634019		fulltext		Edinburgh University Press	Monograph	2008-11-04 00:00:00	2012-09-12 00:00:00	0	1				P
The Priority of Events	9780748643592	9780748643608							http://universitypublishingonline.org/edinburgh/ebook.jsf?bid=CBO9780748643608	Bowden	CBO9780748643608		fulltext		Edinburgh University Press	Monograph	2011-08-16 00:00:00	2012-09-12 00:00:00	0	1				P
The Provisional Irish Republican Army and the Morality of Terrorism	9780748635290	9780748635313							http://universitypublishingonline.org/edinburgh/ebook.jsf?bid=CBO9780748635313	Shanahan	CBO9780748635313		fulltext		Edinburgh University Press	Monograph	2008-12-18 00:00:00	2012-09-12 00:00:00	0	1				P
The Quiz Show	9780748627523	9780748631575							http://universitypublishingonline.org/edinburgh/ebook.jsf?bid=CBO9780748631575	Holmes	CBO9780748631575		fulltext		Edinburgh University Press	Monograph	2008-10-14 00:00:00	2013-08-05 00:00:00	0	1				P
The Return of the Epic Film	9780748684021	9780748684038							http://universitypublishingonline.org/edinburgh/ebook.jsf?bid=CBO9780748684038	Elliot	CBO9780748684038		fulltext		Edinburgh University Press	Monograph	2014-03-11 00:00:00	2014-09-05 00:00:00	0	1				P
The Russian Language Outside the Nation	9780748668458	9780748668465							http://universitypublishingonline.org/edinburgh/ebook.jsf?bid=CBO9780748668465	Ryazanova-Clarke	CBO9780748668465		fulltext		Edinburgh University Press	Monograph	2014-03-17 00:00:00	2014-09-05 00:00:00	0	1				P
The Second World War in Contemporary British Fiction	9780748640997	9780748647507							http://universitypublishingonline.org/edinburgh/ebook.jsf?bid=CBO9780748647507	Stewart	CBO9780748647507		fulltext		Edinburgh University Press	Monograph	2011-07-01 00:00:00	2012-09-12 00:00:00	0	1				P
The Seljuqs	9780748639946	9780748647576							http://universitypublishingonline.org/edinburgh/ebook.jsf?bid=CBO9780748647576	Lange/Songul	CBO9780748647576		fulltext		Edinburgh University Press	Monograph	2011-07-31 00:00:00	2012-09-12 00:00:00	0	1				P
The Sitcom	9780748637515	9780748637539							http://universitypublishingonline.org/edinburgh/ebook.jsf?bid=CBO9780748637539	Mills	CBO9780748637539		fulltext		Edinburgh University Press	Monograph	2009-09-08 00:00:00	2013-08-05 00:00:00	0	1				P
The Spanish Prisoner	9780748633685	9780748633708							http://universitypublishingonline.org/edinburgh/ebook.jsf?bid=CBO9780748633708	Tzioumakis	CBO9780748633708		fulltext		Edinburgh University Press	Monograph	2009-04-24 00:00:00	2013-08-05 00:00:00	0	1				P
The Speech-Gesture Complex	9780748684892	9780748684908							http://universitypublishingonline.org/edinburgh/ebook.jsf?bid=CBO9780748684908	Paraskeva	CBO9780748684908		fulltext		Edinburgh University Press	Monograph	2013-09-05 00:00:00	2014-03-05 00:00:00	0	1				P
The Transformation of Muslim Mystical Thought in the Ottoman Empire	9780748639236	9780748643714							http://universitypublishingonline.org/edinburgh/ebook.jsf?bid=CBO9780748643714	Curry	CBO9780748643714		fulltext		Edinburgh University Press	Monograph	2010-10-19 00:00:00	2012-09-12 00:00:00	0	1				P
The Unexpected	9780748676293	9780748676309							http://universitypublishingonline.org/edinburgh/ebook.jsf?bid=CBO9780748676309	Currie	CBO9780748676309		fulltext		Edinburgh University Press	Monograph	2013-01-17 00:00:00	2013-08-05 00:00:00	0	1				P
The Universal (In the Realm of the Sensible)	9780748625567	9780748631049							http://universitypublishingonline.org/edinburgh/ebook.jsf?bid=CBO9780748631049	Olkowski	CBO9780748631049		fulltext		Edinburgh University Press	Monograph	2007-03-02 00:00:00	2012-09-12 00:00:00	0	1				P
The Work of Giorgio Agamben	9780748634620	9780748634637							http://universitypublishingonline.org/edinburgh/ebook.jsf?bid=CBO9780748634637	Clemens/Heron/Murray	CBO9780748634637		fulltext		Edinburgh University Press	Monograph	2008-10-24 00:00:00	2012-09-12 00:00:00	0	1				P
Thomas Hardy's Legal Fictions	9780748673247	9780748673254							http://universitypublishingonline.org/edinburgh/ebook.jsf?bid=CBO9780748673254	Ferguson	CBO9780748673254		fulltext		Edinburgh University Press	Monograph	2013-08-20 00:00:00	2014-03-05 00:00:00	0	1				P
Thomas Hardy's Shorter Fiction	9780748632657	9780748632558							http://universitypublishingonline.org/edinburgh/ebook.jsf?bid=CBO9780748632558	Gilmartin/Mengham	CBO9780748632558		fulltext		Edinburgh University Press	Monograph	2007-12-15 00:00:00	2012-09-12 00:00:00	0	1				P
Thomas Jefferson	9780748624997	9780748636624							http://universitypublishingonline.org/edinburgh/ebook.jsf?bid=CBO9780748636624	Cogliano	CBO9780748636624		fulltext		Edinburgh University Press	Monograph	2006-09-14 00:00:00	2013-08-05 00:00:00	0	1				P
To Follow	9780748641543	9780748643707							http://universitypublishingonline.org/edinburgh/ebook.jsf?bid=CBO9780748643707	Kamuf	CBO9780748643707		fulltext		Edinburgh University Press	Monograph	2010-10-05 00:00:00	2012-09-12 00:00:00	0	1				P
Towards a Deliberative and Associational Democracy	9780748627394	9780748631483							http://universitypublishingonline.org/edinburgh/ebook.jsf?bid=CBO9780748631483	Elstub	CBO9780748631483		fulltext		Edinburgh University Press	Monograph	2008-04-25 00:00:00	2012-09-12 00:00:00	0	1				P
Transatlantic Avant-Gardes	9780748645213	9780748645220							http://universitypublishingonline.org/edinburgh/ebook.jsf?bid=CBO9780748645220	White	CBO9780748645220		fulltext		Edinburgh University Press	Monograph	2013-03-01 00:00:00	2013-09-05 00:00:00	0	1				P
Transatlantic Transcendentalism	9780748681365	9780748681372							http://universitypublishingonline.org/edinburgh/ebook.jsf?bid=CBO9780748681372	Harvey	CBO9780748681372		fulltext		Edinburgh University Press	Monograph	2013-06-11 00:00:00	2013-10-05 00:00:00	0	1				P
Transatlantic Women's Literature	9780748624454	9780748630486							http://universitypublishingonline.org/edinburgh/ebook.jsf?bid=CBO9780748630486	Macpherson	CBO9780748630486		fulltext		Edinburgh University Press	Monograph	2008-11-03 00:00:00	2012-09-12 00:00:00	0	1				P
Travellers' Tales of Wonder	9780748675463	9780748675470							http://universitypublishingonline.org/edinburgh/ebook.jsf?bid=CBO9780748675470	Cooke	CBO9780748675470		fulltext		Edinburgh University Press	Monograph	2013-02-22 00:00:00	2013-10-05 00:00:00	0	1				P
Turkish Myth and Muslim Symbol	9780748625727	9780748631155							http://universitypublishingonline.org/edinburgh/ebook.jsf?bid=CBO9780748631155	Hillenbrand	CBO9780748631155		fulltext		Edinburgh University Press	Monograph	2007-11-21 00:00:00	2013-08-05 00:00:00	0	1				P
Twentieth-Century German Political Thought	9780748622900	9780748626595							http://universitypublishingonline.org/edinburgh/ebook.jsf?bid=CBO9780748626595	Stirk	CBO9780748626595		fulltext		Edinburgh University Press	Monograph	2006-03-13 00:00:00	2012-09-12 00:00:00	0	1				P
Untimely Affects	9780748646449	9780748669707							http://universitypublishingonline.org/edinburgh/ebook.jsf?bid=CBO9780748669707	Boljkovac	CBO9780748669707		fulltext		Edinburgh University Press	Monograph	2013-05-21 00:00:00	2013-09-05 00:00:00	0	1				P
Variations	9780748638826	9780748642342							http://universitypublishingonline.org/edinburgh/ebook.jsf?bid=CBO9780748642342	Martin/Boundas/Dyrkton	CBO9780748642342		fulltext		Edinburgh University Press	Monograph	2010-04-08 00:00:00	2012-09-12 00:00:00	0	1				P
Veering	9780748636549	9780748636556							http://universitypublishingonline.org/edinburgh/ebook.jsf?bid=CBO9780748636556	Royle	CBO9780748636556		fulltext		Edinburgh University Press	Monograph	2011-10-12 00:00:00	2012-09-12 00:00:00	0	1				P
Victoriana	9780748611478	9780748628186							http://universitypublishingonline.org/edinburgh/ebook.jsf?bid=CBO9780748628186	Kaplan	CBO9780748628186		fulltext		Edinburgh University Press	Monograph	2007-02-14 00:00:00	2012-09-12 00:00:00	0	1				P
Virginia Woolf Fashion and Literary Modernity	9780748638727	9780748641567							http://universitypublishingonline.org/edinburgh/ebook.jsf?bid=CBO9780748641567	Koppen	CBO9780748641567		fulltext		Edinburgh University Press	Monograph	2009-08-27 00:00:00	2012-09-12 00:00:00	0	1				P
Virginia Woolf and Classical Music	9780748637874	9780748637881							http://universitypublishingonline.org/edinburgh/ebook.jsf?bid=CBO9780748637881	Sutton	CBO9780748637881		fulltext		Edinburgh University Press	Monograph	2013-09-16 00:00:00	2014-04-05 00:00:00	0	1				P
Virginia Woolf and the Materiality of Theory	9780748676439	9780748676446							http://universitypublishingonline.org/edinburgh/ebook.jsf?bid=CBO9780748676446	Ryan	CBO9780748676446		fulltext		Edinburgh University Press	Monograph	2013-03-17 00:00:00	2013-09-05 00:00:00	0	1				P
Virginia Woolf and the Politics of Language	9780748636754	9780748636761							http://universitypublishingonline.org/edinburgh/ebook.jsf?bid=CBO9780748636761	Allen	CBO9780748636761		fulltext		Edinburgh University Press	Monograph	2010-07-05 00:00:00	2012-09-12 00:00:00	0	1				P
Virginia Woolf's Novels and the Literary Past	9780748623495	9780748626359							http://universitypublishingonline.org/edinburgh/ebook.jsf?bid=CBO9780748626359	de Gay	CBO9780748626359		fulltext		Edinburgh University Press	Monograph	2006-01-05 00:00:00	2012-09-12 00:00:00	0	1				P
Volleys of Humanity	9780748639038	9780748647583							http://universitypublishingonline.org/edinburgh/ebook.jsf?bid=CBO9780748647583	Cixous/Prenowitz	CBO9780748647583		fulltext		Edinburgh University Press	Monograph	2011-07-07 00:00:00	2012-09-12 00:00:00	0	1				P
W. G. Sebald	9780748633876	9780748633883							http://universitypublishingonline.org/edinburgh/ebook.jsf?bid=CBO9780748633883	Long	CBO9780748633883		fulltext		Edinburgh University Press	Monograph	2007-11-22 00:00:00	2012-09-12 00:00:00	0	1				P
Walter Pater	9780748646258	9780748646265							http://universitypublishingonline.org/edinburgh/ebook.jsf?bid=CBO9780748646265	Hext	CBO9780748646265		fulltext		Edinburgh University Press	Monograph	2013-06-14 00:00:00	2013-10-05 00:00:00	0	1				P
Walter Scott and Modernity	9780748626069	9780748631353							http://universitypublishingonline.org/edinburgh/ebook.jsf?bid=CBO9780748631353	Lincoln	CBO9780748631353		fulltext		Edinburgh University Press	Monograph	2007-04-19 00:00:00	2012-09-12 00:00:00	0	1				P
Walter Scott and the Limits of Language	9780748641536	9780748644674							http://universitypublishingonline.org/edinburgh/ebook.jsf?bid=CBO9780748644674	Lumsden	CBO9780748644674		fulltext		Edinburgh University Press	Monograph	2010-12-01 00:00:00	2012-09-12 00:00:00	0	1				P
War Power, Police Power	9780748692361	9780748692385							http://universitypublishingonline.org/edinburgh/ebook.jsf?bid=CBO9780748692385	Neocleous	CBO9780748692385		fulltext		Edinburgh University Press	Monograph	2014-02-12 00:00:00	2014-09-05 00:00:00	0	1				P
War and Nation in the Theatre of Shakespeare and his Contemporaries	9780748627653	9780748631629							http://universitypublishingonline.org/edinburgh/ebook.jsf?bid=CBO9780748631629	Barker	CBO9780748631629		fulltext		Edinburgh University Press	Monograph	2007-11-21 00:00:00	2012-09-12 00:00:00	0	1				P
West Midlands English	9780748641697	9780748685806							http://universitypublishingonline.org/edinburgh/ebook.jsf?bid=CBO9780748685806	Clark	CBO9780748685806		fulltext		Edinburgh University Press	Monograph	2013-06-27 00:00:00	2013-10-05 00:00:00	0	1				P
What if Derrida was wrong about Saussure?	9780748641970	9780748644902							http://universitypublishingonline.org/edinburgh/ebook.jsf?bid=CBO9780748644902	Daylight	CBO9780748644902		fulltext		Edinburgh University Press	Monograph	2011-01-26 00:00:00	2012-09-12 00:00:00	0	1				P
William Hunter and the Hunterian Museum in Glasgow 1807–2007	9780748628056	9780748631858							http://universitypublishingonline.org/edinburgh/ebook.jsf?bid=CBO9780748631858	Keppie	CBO9780748631858		fulltext		Edinburgh University Press	Monograph	2007-04-25 00:00:00	2012-09-12 00:00:00	0	1				P
William Morris and the Idea of Community	9780748641499	9780748643721							http://universitypublishingonline.org/edinburgh/ebook.jsf?bid=CBO9780748643721	Vaninskaya	CBO9780748643721		fulltext		Edinburgh University Press	Monograph	2010-10-12 00:00:00	2012-09-12 00:00:00	0	1				P
Wittgenstein and Political Theory	9780748639144	9780748642137							http://universitypublishingonline.org/edinburgh/ebook.jsf?bid=CBO9780748642137	Robinson	CBO9780748642137		fulltext		Edinburgh University Press	Monograph	2009-11-02 00:00:00	2012-09-12 00:00:00	0	1				P
Women and the Fatimids in the World of Islam	9780748617326	9780748626298							http://universitypublishingonline.org/edinburgh/ebook.jsf?bid=CBO9780748626298	Cortese/Calderini	CBO9780748626298		fulltext		Edinburgh University Press	Monograph	2006-01-06 00:00:00	2013-08-05 00:00:00	0	1				P
Women's Rights as Multicultural Claims	9780748632794	9780748632312							http://universitypublishingonline.org/edinburgh/ebook.jsf?bid=CBO9780748632312	Mookherjee	CBO9780748632312		fulltext		Edinburgh University Press	Monograph	2009-01-26 00:00:00	2012-09-12 00:00:00	0	1				P
Young American Muslims	9780748669936	9780748669943							http://universitypublishingonline.org/edinburgh/ebook.jsf?bid=CBO9780748669943	Kabir	CBO9780748669943		fulltext		Edinburgh University Press	Monograph	2012-11-30 00:00:00	2013-08-05 00:00:00	0	1				P
Young British Muslims	9780748641338	9780748643738							http://universitypublishingonline.org/edinburgh/ebook.jsf?bid=CBO9780748643738	Kabir	CBO9780748643738		fulltext		Edinburgh University Press	Monograph	2010-10-26 00:00:00	2012-09-12 00:00:00	0	1				P
